isco88,isco08,digits,rule,targets
0110,0110,4,whole-multi-similar,"0110,0210,0310"
1110,1111,4,whole,1111
1120,1112,4,whole,1112
1130,1113,4,whole,1113
1141,1114,4,partial,1114
1142,1114,4,partial,1114
1143,1114,4,partial,1114
1210,1120,4,whole,1120
1221,1310,3,whole-multi,"1311,1312"
1222,1320,3,partial,"1321,1322"
1223,1323,4,partial-similar,"1323,3123"
1224,1420,4,partial,1420
1225,1410,3,partial,"1411,1412"
1226,1300,2,partial-similar,"1324,1330"
1227,1346,4,whole,"1219,1346"
1228,1219,4,partial,1219
1229,1210,3,partial-similar,"1213,1219,1341,1342,1343,1344,1345,1349,1439,2654,3435"
1231,1210,3,partial,"1211,1219"
1232,1212,4,partial,1212
1233,1221,4,partial,1221
1234,1222,4,partial,1222
1235,1324,4,partial,1324
1236,1330,4,partial,1330
1237,1223,4,partial,1223
1239,1213,4,partial,1213
1311,6000,1,partial,"6111,6112,6113,6114,6121,6122,6130,6210,6221,6222,6223"
1312,1320,3,partial,"1321,1322"
1313,1323,4,partial,1323
1314,5221,4,whole,"1420,5221"
1315,1410,3,partial,"1411,1412"
1316,1300,2,partial-similar,"1324,1330"
1317,1346,4,whole,"1211,1212,1219,1221,1222,1330,1346"
1318,1219,4,partial,1219
1319,1431,4,whole,"1223,1341,1342,1343,1344,1345,1349,1431,1439"
2111,2111,4,whole,2111
2112,2112,4,whole,2112
2113,2113,4,whole,"2113,2262"
2114,2114,4,whole,2114
2121,2120,4,partial,2120
2122,2120,4,partial,2120
2131,2500,2,whole-multi-similar,"2511,2512,2513,2519,2521,2522,2523"
2132,2514,4,whole,"2513,2514,2519,2523"
2139,2529,4,whole,"2513,2519,2529"
2141,2160,3,whole-multi,"2161,2162,2164"
2142,2142,4,whole,2142
2143,2151,4,whole,2151
2144,2150,3,whole-multi,"2152,2153"
2145,2144,4,whole,2144
2146,2145,4,whole,2145
2147,2146,4,whole,2146
2148,2165,4,whole,2165
2149,2140,3,whole-multi,"2141,2143,2149"
2211,2133,4,whole,"2131,2133"
2212,2212,4,whole,"2131,2212,2250"
2213,2132,4,partial,2132
2221,2210,3,whole-multi,"2211,2212"
2222,2261,4,whole,2261
2223,2250,4,partial,2250
2224,2262,4,partial,2262
2229,2260,3,partial,"2263,2269"
2230,2220,3,partial-similar,"1342,1343,2221,2222,3221,3222"
2310,2310,4,whole,"2310,2320"
2320,2330,4,whole,"2320,2330"
2331,2341,4,partial,2341
2332,2342,4,partial,2342
2340,2352,4,partial,2352
2351,2351,4,partial,2351
2352,2351,4,partial,2351
2359,2354,4,whole,"2353,2354,2355,2356,2359"
2411,2411,4,whole,"2411,2412"
2412,2420,3,whole-multi,"2263,2423,2424"
2419,2413,4,whole-multi-similar,"2412,2413,2421,2422,2431,2432,3339"
2421,2611,4,whole,2611
2422,2612,4,whole,2612
2429,2619,4,whole,2619
2431,2621,4,whole,2621
2432,2622,4,whole,2622
2441,2631,4,whole,2631
2442,2632,4,whole,2632
2443,2633,4,whole,2633
2444,2643,4,whole,2643
2445,2634,4,whole,2634
2446,2635,4,whole,2635
2451,2430,3,whole-multi-similar,"2431,2432,2641,2642"
2452,2651,4,whole,"2166,2651"
2453,2652,4,partial,2652
2454,2653,4,partial,2653
2455,2655,4,whole,"2654,2655"
2460,2636,4,whole,2636
3111,3111,4,whole,3111
3112,3112,4,partial,3112
3113,3113,4,partial,3113
3114,3522,4,whole,"3114,3522"
3115,3115,4,partial,3115
3116,3116,4,whole,"3116,3133"
3117,3117,4,partial,3117
3118,3118,4,whole,3118
3119,3119,4,whole,3119
3121,3510,3,whole-multi,"3512,3513,3514"
3122,3511,4,whole,3511
3123,3139,4,partial,3139
3131,3431,4,whole,"3431,3521"
3132,3522,4,whole,"3521,3522"
3133,3211,4,whole,3211
3141,3151,4,whole,3151
3142,3152,4,whole,3152
3143,3153,4,partial,3153
3144,3154,4,whole,3154
3145,3155,4,whole,3155
3151,3110,3,partial,"3112,3119"
3152,7543,4,whole,"2263,3113,3114,3115,3117,3257,7543"
3211,3212,4,whole-multi-similar,"3141,3212"
3212,3140,3,whole-multi,"3142,3143"
3213,2132,4,partial,2132
3221,3250,3,whole-multi-similar,"2240,3253,3256"
3222,3257,4,partial-similar,"2263,3257"
3223,2265,4,whole,2265
3224,3254,4,whole-multi-similar,"2267,3254"
3225,3251,4,whole,3251
3226,3255,4,whole-multi-similar,"2264,2269,3214,3255"
3227,3240,4,whole,3240
3228,3213,4,whole,3213
3229,3259,4,whole-multi-similar,"2230,2266,2267,2269,3259"
3231,3221,4,partial,3221
3232,3222,4,partial,3222
3241,3230,4,partial-similar,"2230,3230"
3242,3413,4,partial,3413
3310,2341,4,partial,2341
3320,2342,4,partial,2342
3330,2352,4,partial,2352
3340,5165,4,whole,"2353,2355,2356,2359,3153,3423,5165"
3411,3311,4,whole,"2412,3311"
3412,3321,4,whole,3321
3413,3334,4,whole,3334
3414,3339,4,partial-similar,"3339,4221"
3415,3322,4,whole-multi-similar,"2433,2434,3322"
3416,3323,4,whole,3323
3417,3315,4,whole,"3315,3339"
3419,3312,4,whole,3312
3421,3324,4,whole,3324
3422,3331,4,whole,3331
3423,3333,4,partial,3333
3429,3339,4,partial,3339
3431,3340,3,partial,"3341,3342,3343,3344"
3432,3411,4,whole,3411
3433,3313,4,partial,3313
3434,3314,4,whole,"3313,3314"
3439,3332,4,whole,"3332,3341,3343,3359,3433"
3441,3351,4,whole,3351
3442,3352,4,whole,3352
3443,3353,4,whole,3353
3444,3354,4,whole,3354
3449,3359,4,partial,3359
3450,3411,4,whole-multi-similar,"3355,3411"
3460,3412,4,whole,3412
3471,3432,4,whole-multi-similar,"2163,2166,3432,3433,3435"
3472,2656,4,whole,"2642,2656"
3473,2650,3,partial,"2652,2653"
3474,2659,4,whole,"2659,3435"
3475,3420,3,whole-multi,"3421,3422,3423"
3480,3413,4,partial,3413
4111,4131,4,partial-similar,"3341,4131"
4112,4131,4,partial-similar,"3341,4131"
4113,4132,4,partial-similar,"3341,4132"
4114,4132,4,partial-similar,"3341,4132"
4115,4120,4,whole,"3341,3342,3344,4120"
4121,4310,3,whole-multi,"3341,4311,4313"
4122,4312,4,partial-similar,"3341,4312"
4131,4321,4,whole,"3341,4321"
4132,4322,4,whole,"3341,4322"
4133,4323,4,whole,"3341,4323"
4141,4410,3,whole-multi,"3341,4411,4415"
4142,4412,4,whole,"3341,4412"
4143,4413,4,whole-multi-similar,"3252,3341,4413"
4144,4414,4,whole,4414
4190,4110,4,whole-multi-similar,"3341,4110,4227,4416,4419"
4211,5230,4,whole,"4211,4212,5230"
4212,4211,4,partial,4211
4213,4212,4,partial,4212
4214,4213,4,whole,4213
4215,4214,4,whole,4214
4221,4221,4,partial,4221
4222,4220,3,whole-multi,"3341,4222,4224,4225,4226,4229"
4223,4223,4,whole,"3341,4221,4223"
5111,5111,4,whole,5111
5112,5112,4,whole,5112
5113,5113,4,whole,5113
5121,5150,3,whole-multi,"5151,5152"
5122,5120,4,whole-multi-similar,"3434,5120,9411"
5123,5130,3,whole-multi,"5131,5132"
5131,5310,3,whole-multi,"5311,5312"
5132,5320,3,whole-multi-similar,"3258,5321,5329"
5133,5322,4,whole,5322
5139,5164,4,whole-multi-similar,"5164,5329"
5141,5140,3,whole-multi,"5141,5142"
5142,5162,4,whole,5162
5143,5163,4,whole,5163
5149,5169,4,whole,5169
5151,5161,4,partial,5161
5152,5161,4,partial,5161
5161,5411,4,whole,5411
5162,5412,4,whole,5412
5163,5413,4,whole,5413
5169,5419,4,whole,"5414,5419"
5210,5241,4,whole,5241
5220,5220,3,whole-multi-similar,"5222,5223,5242,5245,5246"
5230,5211,4,whole,"5211,5246"
6111,6111,4,partial,6111
6112,6112,4,partial,6112
6113,9214,4,whole,"6113,9214"
6114,6114,4,partial,6114
6121,6121,4,partial,6121
6122,6122,4,partial,6122
6123,6123,4,partial,6123
6124,6120,3,partial,"6121,6122,6123"
6129,6129,4,whole-multi-similar,"5164,6129"
6130,6130,4,partial,6130
6141,6210,4,partial,6210
6142,6210,4,partial,6210
6151,6221,4,partial,6221
6152,6222,4,partial-similar,"6222,7541"
6153,6223,4,partial,6223
6154,6224,4,whole,6224
6210,6300,2,whole-multi-similar,"6310,6320,6330,6340"
7111,3121,4,whole,"3121,8111"
7112,7542,4,whole,7542
7113,7113,4,partial,7113
7121,7111,4,partial,7111
7122,7112,4,whole,"7112,7113"
7123,7114,4,whole,7114
7124,7115,4,whole,7115
7129,7119,4,whole,"3123,7111,7119"
7131,7121,4,whole,7121
7132,7122,4,whole,7122
7133,7123,4,whole,7123
7134,7124,4,whole,7124
7135,7125,4,whole,7125
7136,7126,4,whole,7126
7137,7411,4,whole,7411
7141,7131,4,whole,7131
7142,7132,4,whole,7132
7143,7133,4,whole-multi-similar,"7133,7544"
7211,7211,4,partial,7211
7212,7212,4,whole,7212
7213,7213,4,whole,7213
7214,7214,4,whole,7214
7215,7215,4,whole,7215
7216,7541,4,partial,7541
7221,7221,4,whole,7221
7222,7222,4,whole,7222
7223,7223,4,partial-similar,"7223,7319"
7224,7224,4,whole,7224
7231,7230,3,whole-multi,"7231,7234"
7232,7232,4,whole,7232
7233,7233,4,whole-multi-similar,"7127,7233"
7241,7412,4,whole,7412
7242,7420,3,partial,"7421,7422"
7243,7420,3,partial,"7421,7422"
7244,7422,4,partial,7422
7245,7413,4,whole,"7413,7422"
7311,7311,4,whole,"3214,7311"
7312,7312,4,whole,7312
7313,7313,4,whole,7313
7321,7314,4,whole,7314
7322,7315,4,whole-multi-similar,"7315,7549"
7323,7316,4,partial,7316
7324,7316,4,partial,7316
7331,7310,3,partial,"7317,7319"
7332,7318,4,partial,7318
7341,7320,3,partial,"7321,7322"
7342,7321,4,partial,7321
7343,7321,4,partial,7321
7344,8132,4,partial,8132
7345,7323,4,partial,7323
7346,7322,4,partial,7322
7411,7511,4,whole,7511
7412,7512,4,whole,7512
7413,7513,4,whole,7513
7414,7514,4,whole,7514
7415,7515,4,whole,7515
7416,7516,4,whole,7516
7421,7521,4,partial,7521
7422,7522,4,whole,7522
7423,7523,4,partial,7523
7424,7317,4,partial,7317
7431,7318,4,partial,7318
7432,7318,4,partial-similar,"7318,8152"
7433,7531,4,partial,7531
7434,7531,4,partial,7531
7435,7532,4,whole,7532
7436,7533,4,whole,7533
7437,7534,4,whole,7534
7441,7535,4,whole,7535
7442,7536,4,whole,7536
8111,3121,4,whole,"3121,8111"
8112,8112,4,whole,8112
8113,8113,4,whole,8113
8121,8121,4,partial-similar,"3135,8121"
8122,8121,4,partial-similar,"3135,8121"
8123,8121,4,partial-similar,"3135,8121"
8124,8121,4,partial-similar,"3135,8121"
8131,8181,4,partial,8181
8139,8181,4,partial,8181
8141,8172,4,whole,8172
8142,8171,4,partial-similar,"3139,8171"
8143,8171,4,partial-similar,"3139,8171"
8151,8131,4,partial,8131
8152,8131,4,partial-similar,"3133,8131"
8153,8131,4,partial-similar,"3133,8131"
8154,8131,4,partial-similar,"3133,8131"
8155,3134,4,whole,"3134,8131"
8159,8131,4,partial-similar,"3133,8131"
8161,3131,4,whole,3131
8162,8182,4,whole,8182
8163,3132,4,whole,3132
8171,3100,2,partial,"3122,3139"
8172,3100,2,partial,"3122,3139"
8211,,0,partial,"3122,7211,7223"
8212,8114,4,whole,8114
8221,8131,4,partial-similar,"3122,8131"
8222,8131,4,partial-similar,"3122,8131"
8223,8122,4,whole,"3122,8122"
8224,8132,4,partial-similar,"3122,8132"
8229,8131,4,partial-similar,"3122,8131"
8231,8141,4,whole,"3122,8141"
8232,8142,4,whole,"3122,8142"
8240,,0,partial,"3122,7521,7523"
8251,,0,partial,"3122,7322"
8252,,0,partial,"3122,7323"
8253,8143,4,whole,"3122,8143"
8261,8151,4,whole,"3122,8151"
8262,8152,4,partial-similar,"3122,8152"
8263,8153,4,whole,"3122,8153"
8264,8150,3,whole-multi,"3122,8154,8157"
8265,8155,4,whole,"3122,8155"
8266,8156,4,whole,"3122,8156"
8269,8159,4,whole,"3122,8159"
8271,8160,4,partial-similar,"3122,8160"
8272,8160,4,partial-similar,"3122,8160"
8273,8160,4,partial-similar,"3122,8160"
8274,8160,4,partial-similar,"3122,8160"
8275,8160,4,partial-similar,"3122,8160"
8276,8160,4,partial-similar,"3122,8160"
8277,8160,4,partial-similar,"3122,8160"
8278,8160,4,partial-similar,"3122,8160"
8279,8160,4,partial-similar,"3122,8160"
8281,8211,4,whole,"3122,8211"
8282,8212,4,partial-similar,"3122,8212"
8283,8212,4,partial-similar,"3122,8212"
8284,8219,4,partial-similar,"3122,8219"
8285,8219,4,partial-similar,"3122,8219"
8286,8219,4,partial-similar,"3122,8219"
8290,8180,3,whole-multi,"3122,8183,8189,8219"
8311,8311,4,whole,8311
8312,8312,4,whole,8312
8321,8321,4,whole,8321
8322,8322,4,whole,8322
8323,8331,4,whole,8331
8324,8332,4,whole,8332
8331,8341,4,whole,8341
8332,8342,4,whole,8342
8333,8343,4,whole,8343
8334,8344,4,whole,8344
8340,8350,4,whole,8350
9111,5212,4,whole,5212
9112,9520,4,whole,9520
9113,5240,3,whole-multi,"5243,5244"
9120,9510,4,whole,9510
9131,9111,4,whole,9111
9132,9112,4,whole-multi-similar,"9112,9412"
9133,9121,4,whole,9121
9141,5153,4,whole,5153
9142,9120,3,whole-multi,"9122,9123,9129"
9151,9621,4,partial,9621
9152,9629,4,whole,"5414,9621,9629"
9153,9623,4,whole,9623
9161,9610,3,whole-multi,"9611,9612"
9162,9600,2,whole-multi-similar,"9613,9622,9624"
9211,9210,3,whole-multi,"9211,9212,9213,9214"
9212,9215,4,whole,9215
9213,9216,4,whole,9216
9311,9311,4,whole,9311
9312,9312,4,whole,9312
9313,9313,4,whole,9313
9321,9329,4,partial,9329
9322,9321,4,whole,"9321,9329"
9331,9331,4,whole,9331
9332,9332,4,whole,9332
9333,9330,3,whole-multi,"9333,9334"
