sinco,isco,match
1112,1111,100.0
1129,1120,100.0
1131,1114,100.0
1132,1114,100.0
1133,1114,100.0
1134,1114,100.0
1135,1114,100.0
1223,1345,100.0
1225,0110,100.0
1226,1349,100.0
1313,1321,100.0
1314,1321,100.0
1315,1323,100.0
1321,1330,100.0
1322,1330,100.0
1323,1324,100.0
1324,1223,100.0
1421,2654,100.0
1521,1342,100.0
1523,1345,100.0
1525,0110,100.0
1526,1349,100.0
1612,1322,100.0
1613,1321,100.0
1614,1321,100.0
1615,1323,100.0
1621,1330,100.0
1622,1330,100.0
1623,1324,100.0
1624,1223,100.0
2113,2421,100.0
2121,2411,100.0
2134,2632,100.0
2136,2631,100.0
2141,2633,100.0
2142,2634,100.0
2143,2635,100.0
2145,2636,100.0
2151,2641,100.0
2152,2642,100.0
2153,2643,100.0
2161,2651,100.0
2163,2651,100.0
2164,3432,100.0
2171,2652,100.0
2172,2652,100.0
2173,2652,100.0
2174,2653,100.0
2212,2120,100.0
2221,2131,100.0
2222,2113,100.0
2231,2132,100.0
2232,2250,100.0
2233,2132,100.0
2241,2151,100.0
2242,2152,100.0
2251,2145,100.0
2252,2144,100.0
2253,2141,100.0
2254,2146,100.0
2261,2142,100.0
2281,2153,100.0
2311,2351,100.0
2322,2320,100.0
2331,2330,100.0
2332,2341,100.0
2333,2359,100.0
2335,2342,100.0
2339,2359,100.0
2341,2352,100.0
2342,2352,100.0
2343,2352,100.0
2411,2211,100.0
2412,2261,100.0
2421,2212,100.0
2422,2212,100.0
2423,2212,100.0
2424,2212,100.0
2425,2212,100.0
2426,2212,100.0
2427,2212,100.0
2428,2212,100.0
2431,2149,100.0
2432,2267,100.0
2433,2265,100.0
2434,2263,100.0
2435,2230,100.0
2438,2262,100.0
2513,3331,100.0
2521,3355,100.0
2522,3351,100.0
2532,3411,100.0
2533,3413,100.0
2541,2163,100.0
2542,2163,100.0
2543,2166,100.0
2544,3432,100.0
2551,2656,100.0
2553,2659,100.0
2561,3421,100.0
2562,3422,100.0
2563,3422,100.0
2613,3142,100.0
2622,3112,100.0
2623,3117,100.0
2624,3112,100.0
2630,3115,100.0
2631,7231,100.0
2632,7232,100.0
2633,3115,100.0
2637,7127,100.0
2638,7127,100.0
2641,3113,100.0
2645,7412,100.0
2646,7412,100.0
2653,3521,100.0
2654,3521,100.0
2655,3431,100.0
2661,3154,100.0
2662,8312,100.0
2714,2353,100.0
2716,3423,100.0
2811,3221,100.0
2813,3212,100.0
2814,3213,100.0
2815,3214,100.0
2816,2265,100.0
2817,3230,100.0
2822,3251,100.0
2823,5329,100.0
2824,3222,100.0
2825,3257,100.0
2826,3230,100.0
2827,7544,100.0
3101,3341,100.0
3113,4132,100.0
3114,4131,100.0
3131,4415,100.0
3141,4323,100.0
3142,5112,100.0
3201,3341,100.0
3212,4222,100.0
3221,4221,100.0
3222,5113,100.0
3231,4227,100.0
4201,5222,100.0
4213,5244,100.0
4214,3322,100.0
4223,3334,100.0
4224,3322,100.0
4231,5242,100.0
4232,9629,100.0
4233,5241,100.0
4301,3334,100.0
4311,3334,100.0
4312,5249,100.0
5101,3434,100.0
5111,5120,100.0
5113,5120,100.0
5114,9411,100.0
5115,5132,100.0
5116,5131,100.0
5119,5120,100.0
5212,5142,100.0
5213,5142,100.0
5231,5111,100.0
5241,6113,100.0
5242,6113,100.0
5251,5161,100.0
5252,5169,100.0
5253,5163,100.0
5254,5164,100.0
5311,5411,100.0
5314,5414,100.0
5319,5419,100.0
5401,0210,100.0
5412,0310,100.0
5419,0310,100.0
6126,6123,100.0
6127,6129,100.0
6212,6221,100.0
6221,6210,100.0
6222,6112,100.0
6223,6113,100.0
6224,6210,100.0
6225,6340,100.0
6226,6340,100.0
6227,6210,100.0
6311,8341,100.0
7111,8111,100.0
7112,8111,100.0
7122,7121,100.0
7123,7115,100.0
7131,7123,100.0
7132,7122,100.0
7134,7126,100.0
7135,7131,100.0
7199,7119,100.0
7201,7543,100.0
7212,7212,100.0
7221,7221,100.0
7223,7313,100.0
7301,7543,100.0
7312,7132,100.0
7313,7317,100.0
7321,7319,100.0
7323,8132,100.0
7331,7318,100.0
7332,7318,100.0
7343,7533,100.0
7344,7532,100.0
7351,7534,100.0
7353,7536,100.0
7401,7543,100.0
7412,7319,100.0
7501,7515,100.0
7511,7511,100.0
7512,7513,100.0
7513,7512,100.0
7514,7514,100.0
7515,7512,100.0
7516,7514,100.0
7517,7514,100.0
7518,7516,100.0
7601,7543,100.0
7611,7314,100.0
7612,7319,100.0
7614,7319,100.0
8111,8112,100.0
8112,8113,100.0
8113,8113,100.0
8114,8342,100.0
8122,8122,100.0
8123,8121,100.0
8134,3132,100.0
8135,3134,100.0
8141,8172,100.0
8145,8143,100.0
8211,8211,100.0
8212,8212,100.0
8311,3153,100.0
8321,3152,100.0
8323,3151,100.0
8324,8350,100.0
8331,8311,100.0
8343,8322,100.0
8344,8321,100.0
8351,8342,100.0
9111,9211,100.0
9112,9212,100.0
9113,9213,100.0
9122,9216,100.0
9123,9216,100.0
9124,9624,100.0
9211,9311,100.0
9212,9311,100.0
9222,9313,100.0
9312,8312,100.0
9321,9331,100.0
9322,9332,100.0
9331,9333,100.0
9332,9333,100.0
9411,9412,100.0
9511,9520,100.0
9512,9520,100.0
9521,5212,100.0
9611,9111,100.0
9622,9112,100.0
9623,9112,100.0
9624,9510,100.0
9631,9122,100.0
9632,9510,100.0
9634,9510,100.0
9643,9121,100.0
9651,9214,100.0
9661,9611,100.0
9662,9612,100.0
9663,9611,100.0
9664,9611,100.0
9711,9621,100.0
9712,9321,100.0
9713,3435,100.0
9721,4412,100.0
9722,9621,100.0
9723,9621,100.0
9731,9623,100.0
9732,9623,100.0
9899,9629,100.0
1111,1110,100.0
1113,1110,100.0
1211,1210,100.0
1221,1340,100.0
1222,1340,100.0
1311,1310,100.0
1412,1410,100.0
1511,1210,100.0
1522,1340,100.0
1712,1410,100.0
2111,2420,100.0
2112,2430,100.0
2122,2410,100.0
2131,2630,100.0
2135,2610,100.0
2144,2620,100.0
2234,2130,100.0
2263,2160,100.0
2271,2510,100.0
2272,2520,100.0
2312,2350,100.0
2437,2260,100.0
2523,3350,100.0
2524,3350,100.0
2621,3110,100.0
2634,7230,100.0
2635,7310,100.0
2642,7410,100.0
2644,7420,100.0
2651,3510,100.0
2652,3520,100.0
2712,2350,100.0
2713,2350,100.0
3132,4320,100.0
3211,4220,100.0
5312,5410,100.0
6114,6110,100.0
6116,6110,100.0
6213,6220,100.0
7101,3120,100.0
7113,7540,100.0
7121,7110,100.0
7214,7210,100.0
7222,7220,100.0
7322,7320,100.0
7341,7530,100.0
7352,7530,100.0
7411,8140,100.0
8144,7320,100.0
8155,8150,100.0
8172,8180,100.0
8173,8180,100.0
8341,8330,100.0
8352,8340,100.0
9121,9210,100.0
9221,9310,100.0
9231,9320,100.0
9232,9320,100.0
9233,9320,100.0
9234,9320,100.0
9235,9320,100.0
9236,9320,100.0
9237,9320,100.0
9239,9320,100.0
9601,5150,100.0
1121,1100,100.0
1224,2600,66.7
1411,1200,66.7
1422,1400,66.7
1611,1300,66.7
1711,1200,66.7
1722,1400,66.7
2211,2100,100.0
2223,2100,100.0
2262,2100,100.0
2321,2300,100.0
2429,2200,100.0
2436,2200,100.0
2511,3300,100.0
2512,4300,60.0
2514,3300,100.0
2612,3100,100.0
2614,3100,66.7
2636,7300,66.7
2643,3100,100.0
2812,3200,100.0
3111,3300,75.0
3115,4400,66.7
3121,4200,66.7
3122,4200,66.7
4111,5200,100.0
4211,5200,100.0
4222,3300,66.7
5221,5300,100.0
5222,5300,66.7
6111,6100,66.7
6112,6100,66.7
6113,6100,75.0
6115,6100,75.0
6211,6200,66.7
7133,7100,100.0
7211,7200,100.0
7311,7500,75.0
7342,7500,66.7
8101,7500,66.7
8131,8100,66.7
8132,8100,66.7
8133,8100,100.0
8143,8100,66.7
8151,8100,100.0
8152,8100,100.0
8153,8100,100.0
8154,8100,100.0
8161,8100,100.0
8162,8100,100.0
8163,8100,100.0
8171,8100,100.0
8342,8300,100.0
1122,1000,100.0
1212,1000,100.0
1312,3000,50.0
1423,1000,100.0
1512,1000,100.0
1524,1000,50.0
1721,3000,50.0
1723,1000,100.0
2132,2000,100.0
2133,2000,100.0
2162,2000,100.0
2175,2000,50.0
2531,3000,75.0
2552,3000,50.0
2611,3000,66.7
2625,3000,50.0
2711,2000,50.0
2715,5000,50.0
2821,5000,50.0
3112,4000,100.0
3213,4000,100.0
3232,4000,50.0
4212,9000,100.0
4221,3000,40.0
5112,5000,100.0
5211,3000,50.0
5313,5000,100.0
5411,0000,100.0
5413,0000,100.0
6121,6000,100.0
6122,6000,100.0
6123,6000,100.0
6124,6000,100.0
6125,6000,100.0
6131,6000,100.0
6231,6000,100.0
7213,7000,100.0
7613,7000,100.0
7999,7000,100.0
8121,3000,50.0
8142,8000,66.7
8181,3000,50.0
8199,8000,66.7
8201,3000,50.0
8322,8000,50.0
9621,9000,75.0
9633,8000,50.0
9641,8000,50.0
9642,8000,50.0
1319,1300,999.0
1329,1300,999.0
1619,1300,999.0
1629,1300,999.0
1999,1300,999.0
2334,2300,999.0
2399,2300,999.0
2639,7230,999.0
2640,3130,999.0
2649,7400,999.0
4999,5200,999.0
5201,5152,999.0
5299,5200,999.0
5301,5410,999.0
6101,6100,999.0
6117,6100,999.0
6119,6100,999.0
6128,6200,999.0
6129,6100,999.0
6201,6200,999.0
7299,7210,999.0
8301,8300,999.0
8349,8300,999.0
9213,9300,999.0
9311,9300,999.0
9599,9500,999.0
9733,9600,999.0
9999,9600,999.0
