countrycode,period,minlaborage,raw_release,harmonize_version,n_rows,n_employed,pop,pop15_share,lfpr,ur,urban_pct,male_pct,miss_lstatus_pct,miss_age_pct,miss_educat7_pct,miss_occup_pct,miss_isic_pct,miss_empstat_pct,miss_wage_pct,miss_whours_pct,miss_tenure_pct,miss_socialsec_pct,miss_contract_pct,isco3_pct,isco4_pct,isic3_pct,employee_pct,agri_pct,occup_mismatch_pct,dup_pid,dup_pid_pct,bad_weight,bad_age,status_below_min,month_outside_pct,invalid_isco_pct,invalid_isic_pct
ARG,2021Q1,10,"Wed, 04 Aug 2021 18:10:33 GMT",0.1.0,46693,19014,28807138.0,76.81,60.201,10.171,100.0,48.617,0.183,0.0,0.0,0.621,0.0,0.0,16.409,9.924,7.715,28.0,100.0,,,,71.768,0.492,0.0,0,0.0,0,0,0,,0.0,0.0
ARG,2021Q2,10,"Fri, 05 Nov 2021 18:01:50 GMT",0.1.0,47085,19408,28872439.0,76.876,59.671,9.608,100.0,48.623,0.217,0.0,0.0,0.402,0.0,0.0,16.246,5.565,7.811,27.896,100.0,,,,72.646,0.585,0.0,0,0.0,0,0,0,,0.0,0.0
ARG,2021Q3,10,"Fri, 11 Feb 2022 17:04:38 GMT",0.1.0,48668,20624,28939561.0,76.9,60.687,8.243,100.0,48.629,0.151,0.0,0.0,0.407,0.0,0.0,17.291,3.792,7.627,28.089,100.0,,,,72.046,0.666,0.0,0,0.0,0,0,0,,0.0,0.0
ARG,2021Q4,10,"Mon, 23 May 2022 15:57:48 GMT",0.1.0,50154,21424,29006368.0,76.934,60.869,6.971,100.0,48.635,0.16,0.0,0.0,0.602,0.0,0.0,17.886,2.385,7.352,27.469,100.0,,,,73.008,0.53,0.0,0,0.0,0,0,0,,0.0,0.0
ARG,2022Q1,10,"Thu, 04 Aug 2022 17:32:37 GMT",0.1.0,49706,21221,29073215.0,76.994,60.396,6.964,100.0,48.64,0.157,0.0,0.0,0.613,0.0,0.0,18.373,9.524,7.464,26.417,100.0,,,,73.467,0.663,0.0,0,0.0,0,0,0,,0.0,0.0
ARG,2022Q2,10,"Fri, 04 Nov 2022 18:11:55 GMT",0.1.0,50614,22219,29137212.0,77.039,62.101,6.86,100.0,48.646,0.163,0.0,0.0,0.576,0.0,0.0,17.926,2.102,8.092,26.338,100.0,,,,73.547,0.639,0.0,0,0.0,0,0,0,,0.0,0.0
ARG,2022Q3,10,"Fri, 10 Feb 2023 16:58:43 GMT",0.1.0,49232,21364,29203810.0,77.086,61.734,7.115,100.0,48.651,0.14,0.0,0.0,0.365,0.0,0.0,18.625,3.136,8.023,25.88,100.0,,,,72.451,0.588,0.0,0,0.0,0,0,0,,0.0,0.0
ARG,2022Q4,10,"Fri, 05 May 2023 17:44:33 GMT",0.1.0,48545,21202,29269321.0,77.136,61.7,6.285,100.0,48.657,0.191,0.0,0.0,0.16,0.0,0.0,18.531,2.278,7.796,25.399,100.0,,,,73.577,0.714,0.0,0,0.0,0,0,0,,0.0,0.0
ARG,2023Q1,10,"Fri, 04 Aug 2023 17:17:29 GMT",0.1.0,48638,21518,29335155.0,77.185,62.451,6.877,100.0,48.662,0.132,0.0,0.0,0.181,0.0,0.0,19.839,8.807,7.849,25.342,100.0,,,,74.254,0.696,0.0,0,0.0,0,0,0,,0.0,0.0
ARG,2023Q2,10,"Fri, 03 Nov 2023 17:10:15 GMT",0.1.0,49072,21797,29398853.0,77.232,61.562,6.229,100.0,48.668,0.213,0.0,0.0,0.156,0.0,0.0,18.714,2.285,8.143,24.971,100.0,,,,74.19,0.629,0.0,0,0.0,0,0,0,,0.0,0.0
ARG,2023Q3,10,"Thu, 08 Feb 2024 17:42:36 GMT",0.1.0,48335,21624,29463819.0,77.283,62.376,5.729,100.0,48.673,0.173,0.0,0.0,0.185,0.0,0.0,19.108,2.913,7.982,24.561,100.0,,,,74.83,0.576,0.0,0,0.0,0,0,0,,0.0,0.0
ARG,2023Q4,10,"Wed, 26 Nov 2025 22:25:04 GMT",0.1.0,47337,21312,29528610.0,77.336,62.754,5.73,100.0,48.678,0.178,0.0,0.0,0.183,0.0,0.0,18.093,1.835,7.977,25.582,100.0,,,,73.707,0.566,0.0,0,0.0,0,0,0,,0.0,0.0
ARG,2024Q1,10,"Wed, 26 Nov 2025 22:24:40 GMT",0.1.0,46050,20325,29593214.0,77.389,61.958,7.669,100.0,48.683,0.2,0.0,0.0,0.202,0.0,0.0,18.376,8.817,7.872,25.2,100.0,,,,74.666,0.597,0.0,0,0.0,0,0,0,,0.0,0.0
ARG,2024Q2,10,"Wed, 26 Nov 2025 22:24:49 GMT",0.1.0,47151,20735,29656342.0,77.441,62.586,7.571,100.0,48.689,0.133,0.0,0.0,0.222,0.0,0.0,19.031,2.233,7.847,26.482,100.0,,,,73.76,0.742,0.0,0,0.0,0,0,0,,0.0,0.0
ARG,2024Q3,10,"Thu, 27 Nov 2025 14:49:27 GMT",0.1.0,47564,21031,29720145.0,77.495,62.324,6.927,100.0,48.694,0.131,0.0,0.0,0.223,0.0,0.0,20.665,2.615,7.931,27.226,100.0,,,,73.059,0.558,0.0,0,0.0,0,0,0,,0.0,0.0
ARG,2024Q4,10,"Wed, 07 May 2025 18:26:54 GMT",0.1.0,46860,21132,29783573.0,77.553,62.912,6.446,100.0,48.699,0.135,0.0,0.0,0.246,0.0,0.0,21.716,1.841,7.851,27.636,100.0,,,,72.322,0.565,0.0,0,0.0,0,0,0,,0.0,0.0
ARG,2025Q1,10,"Fri, 01 Aug 2025 17:35:42 GMT",0.1.0,45425,20076,29847178.0,77.61,62.041,7.887,100.0,48.704,0.186,0.0,0.0,0.204,0.0,0.0,20.786,7.91,7.78,27.142,100.0,,,,72.657,0.562,0.0,0,0.0,0,0,0,,0.0,0.0
ARG,2025Q2,10,"Wed, 05 Nov 2025 17:23:06 GMT",0.1.0,46086,20374,29908869.0,77.666,61.96,7.578,100.0,48.708,0.129,0.0,0.0,0.157,0.0,0.0,19.736,1.787,7.888,27.594,100.0,,,,72.374,0.567,0.0,0,0.0,0,0,0,,0.0,0.0
ARG,2025Q3,10,"Wed, 04 Feb 2026 18:09:47 GMT",0.1.0,44946,20066,29970456.0,77.72,62.481,6.582,100.0,48.713,0.16,0.0,0.0,0.179,0.0,0.0,20.956,2.581,7.914,28.087,100.0,,,,71.857,0.472,0.0,0,0.0,0,0,0,,0.0,0.0
ARG,2025Q4,10,"Fri, 24 Apr 2026 17:54:21 GMT",0.1.0,43703,19698,30032745.0,77.776,62.421,7.495,100.0,48.718,0.166,0.0,0.0,0.152,0.0,0.0,21.241,1.706,7.991,29.216,100.0,,,,71.527,0.634,0.0,0,0.0,0,0,0,,0.0,0.0
ARG,2026Q1,10,"Mon, 03 Aug 2026 17:24:45 GMT",0.1.0,43739,19573,30095103.0,77.831,62.358,7.836,100.0,48.723,0.22,0.0,0.0,0.092,0.0,0.0,20.733,7.756,7.567,28.79,100.0,,,,71.774,0.536,0.0,0,0.0,0,0,0,,0.0,0.0
BOL,2021Q1,14,,0.1.0,55071,26639,11749158.0,70.584,76.522,6.223,68.677,49.037,0.0,0.0,4.204,0.004,0.0,0.0,16.825,0.0,100.0,100.0,69.229,68.926,9.201,98.411,28.199,29.934,0.0,0,0.0,0,0,0,0.0,0.0,0.0
BOL,2021Q2,14,,0.1.0,55772,27290,11765034.0,70.737,77.246,5.416,68.717,48.881,0.0,0.0,4.142,0.0,0.0,0.0,17.395,0.0,100.0,100.0,69.513,69.42,8.839,98.253,28.126,30.111,0.0,0,0.0,0,0,0,0.0,0.0,0.0
BOL,2021Q3,14,,0.1.0,55362,27852,11781386.0,70.847,78.412,4.683,68.758,49.088,0.0,0.0,4.508,0.007,0.0,0.0,17.615,0.0,100.0,100.0,68.72,71.79,9.906,97.974,30.272,27.775,0.0,0,0.0,0,0,0,0.0,0.0,0.0
BOL,2021Q4,14,,0.1.0,54462,27911,11798048.0,71.039,79.37,3.764,68.799,48.945,0.0,0.0,4.526,0.004,0.0,0.0,17.925,0.0,100.0,100.0,68.726,70.685,9.548,98.326,29.709,28.354,0.0,0,0.0,0,0,0,0.0,0.0,0.0
BOL,2022Q1,14,,0.1.0,53861,27115,11815725.0,71.017,78.355,4.445,68.837,49.059,0.0,0.0,4.766,0.0,0.0,0.0,17.19,0.0,100.0,73.996,69.611,73.786,9.892,98.375,29.567,25.777,0.0,0,0.0,0,0,0,0.0,0.0,0.0
BOL,2022Q2,14,,0.1.0,53659,27316,11833973.0,71.267,78.559,3.329,68.875,49.071,0.0,0.0,4.771,0.0,0.0,0.0,16.825,0.0,100.0,72.331,68.681,72.978,10.22,98.462,29.972,26.271,0.0,0,0.0,0,0,0,0.0,0.0,0.0
BOL,2022Q3,14,,0.1.0,53517,27428,11852781.0,71.32,78.865,2.977,68.914,49.155,0.0,0.0,4.776,0.0,0.0,0.0,16.669,0.0,100.0,71.999,68.317,72.813,9.821,98.356,30.646,26.461,0.0,0,0.0,0,0,0,0.0,0.0,0.0
BOL,2022Q4,14,,0.1.0,52564,26984,11871965.0,71.46,77.891,3.194,68.952,49.221,0.0,0.0,4.837,0.0,0.0,0.0,16.332,0.0,100.0,72.291,67.922,73.206,9.99,98.151,30.946,26.232,0.0,0,0.0,0,0,0,0.0,0.0,0.0
BOL,2023Q1,14,,0.1.0,52001,26907,11882351.0,71.686,78.335,3.558,68.99,49.226,0.0,0.0,4.891,0.0,0.0,0.0,16.486,0.0,100.0,71.974,68.923,73.327,9.971,98.215,30.466,26.488,0.0,0,0.0,0,0,0,0.0,0.0,0.0
BOL,2023Q2,14,,0.1.0,52029,27135,11893169.0,71.733,78.272,2.795,69.028,48.714,0.0,0.0,4.797,0.0,0.0,0.0,16.761,0.0,100.0,71.9,68.211,72.126,9.704,97.777,30.897,27.254,0.0,0,0.0,0,0,0,0.0,0.0,0.0
BOL,2023Q3,14,,0.1.0,51713,27407,11904527.0,71.896,78.785,2.683,69.067,48.884,0.0,0.0,4.751,0.0,0.0,0.0,16.273,0.0,100.0,71.766,67.822,72.872,9.703,97.936,31.697,26.744,0.0,0,0.0,0,0,0,0.0,0.0,0.0
BOL,2023Q4,14,,0.1.0,51408,27482,11916319.0,72.06,79.152,2.787,69.106,48.981,0.0,0.0,4.819,0.0,0.0,0.0,16.374,0.0,100.0,71.825,68.267,73.159,10.421,98.214,31.872,26.374,0.0,0,0.0,0,0,0,0.0,0.0,0.0
BOL,2024Q1,14,,0.1.0,51325,27694,11922808.0,72.393,79.653,2.983,69.143,48.712,0.0,0.0,4.43,0.0,0.0,0.0,16.563,0.0,100.0,71.868,68.39,74.173,9.877,98.205,31.573,25.25,0.0,0,0.0,0,0,0,0.0,0.0,0.0
BOL,2024Q2,14,,0.1.0,52090,28039,11929721.0,72.371,79.785,2.717,69.18,49.139,0.0,0.0,4.341,0.0,0.0,0.0,16.613,0.0,100.0,71.575,67.991,74.0,10.262,98.012,31.627,25.427,0.0,0,0.0,0,0,0,0.0,0.0,0.0
BOL,2024Q3,14,,0.1.0,51912,28143,11937200.0,72.452,79.757,2.665,69.217,48.757,0.0,0.0,4.331,0.0,0.0,0.0,16.985,0.0,100.0,71.972,68.02,75.501,10.394,97.892,31.483,23.619,0.0,0,0.0,0,0,0,0.0,0.0,0.0
BOL,2024Q4,14,,0.1.0,51535,28014,11945172.0,72.667,80.394,2.452,69.255,48.87,0.0,0.0,4.353,0.0,0.0,0.0,16.445,0.0,100.0,71.707,67.52,74.456,9.81,98.116,31.832,24.627,0.0,0,0.0,0,0,0,0.0,0.0,0.0
BOL,2025Q1,14,,0.1.0,51347,27904,11953597.0,72.827,80.481,2.968,69.292,48.841,0.0,0.0,4.422,0.0,0.0,0.0,16.51,0.0,100.0,73.756,67.678,76.59,10.036,98.029,32.346,22.274,0.0,0,0.0,0,0,0,0.0,0.0,0.0
BOL,2025Q2,14,,0.1.0,51755,28339,11962599.0,73.109,79.945,2.4,69.329,48.693,0.0,0.0,4.603,0.0,0.0,0.0,16.098,0.0,100.0,72.815,67.215,75.232,10.205,98.015,32.195,23.704,0.0,0,0.0,0,0,0,0.0,0.0,0.0
BOL,2025Q3,14,,0.1.0,52329,29197,11972192.0,73.263,80.849,2.194,69.366,48.956,0.0,0.0,4.57,0.0,0.0,0.0,16.635,0.0,100.0,72.888,68.291,74.044,9.713,97.84,31.52,24.581,0.0,0,0.0,0,0,0,0.0,0.0,0.0
BOL,2025Q4,14,2026-09-08T13:53:27+00:00,0.1.0,52650,29738,11982287.0,73.474,81.508,1.714,69.404,48.574,0.0,0.0,4.637,0.0,0.0,0.0,16.165,0.0,100.0,72.853,67.637,75.612,9.974,97.974,31.669,23.491,0.0,0,0.0,0,0,0,0.0,0.0,0.0
BRA,2021Q1,14,"Fri, 15 Aug 2025 13:22:59 GMT",0.1.0,319898,124498,208757908.042,79.193,60.687,14.87,85.853,48.818,0.0,0.0,0.0,0.0,0.077,0.0,0.387,0.0,0.0,46.782,0.0,99.123,98.696,,66.389,9.905,0.0,0,0.0,0,0,0,,0.0,0.0
BRA,2021Q2,14,"Fri, 15 Aug 2025 13:23:00 GMT",0.1.0,356239,141921,209013375.076,79.263,61.671,14.213,85.898,48.813,0.0,0.0,0.0,0.0,0.071,0.0,0.488,0.0,0.0,46.276,0.0,99.111,98.714,,66.02,10.002,0.0,0,0.0,0,0,0,,0.0,0.0
BRA,2021Q3,14,"Fri, 15 Aug 2025 13:23:06 GMT",0.1.0,434822,179125,209273750.044,79.339,62.802,12.594,86.082,48.807,0.0,0.0,0.0,0.0,0.064,0.0,0.431,0.0,0.0,45.235,0.0,99.149,98.723,,66.334,9.838,0.0,0,0.0,0,0,0,,0.0,0.0
BRA,2021Q4,14,"Fri, 15 Aug 2025 13:23:07 GMT",0.1.0,461795,193742,209530328.013,79.407,63.44,11.088,86.109,48.801,0.0,0.0,0.0,0.0,0.027,0.0,0.377,0.0,0.0,44.789,0.0,99.209,98.857,,66.811,9.376,0.0,0,0.0,0,0,0,,0.0,0.0
BRA,2022Q1,14,"Fri, 15 Aug 2025 13:23:13 GMT",0.1.0,475193,197120,209783159.008,79.504,62.984,11.099,86.159,48.796,0.0,0.0,0.0,0.0,0.052,0.0,0.344,0.0,0.0,45.495,0.0,99.25,98.951,,67.099,9.278,0.0,0,0.0,0,0,0,,0.0,0.0
BRA,2022Q2,14,"Fri, 15 Aug 2025 13:23:14 GMT",0.1.0,482118,206387,210024222.007,79.564,63.521,9.27,86.27,48.79,0.0,0.0,0.0,0.0,0.052,0.0,0.347,0.0,0.0,44.959,0.0,99.218,98.862,,67.695,9.025,0.0,0,0.0,0,0,0,,0.0,0.0
BRA,2022Q3,14,"Fri, 15 Aug 2025 13:23:23 GMT",0.1.0,487786,211422,210269942.008,79.634,63.613,8.648,86.384,48.786,0.0,0.0,0.0,0.0,0.022,0.0,0.283,0.0,0.0,44.911,0.0,99.206,98.861,,68.007,8.87,0.0,0,0.0,0,0,0,,0.0,0.0
BRA,2022Q4,14,"Fri, 15 Aug 2025 13:23:23 GMT",0.1.0,478091,206289,210512722.012,79.714,63.03,7.908,86.525,48.782,0.0,0.0,0.0,0.0,0.022,0.0,0.328,0.0,0.0,45.448,0.0,99.224,98.902,,68.489,8.629,0.0,0,0.0,0,0,0,,0.0,0.0
BRA,2023Q1,14,"Fri, 15 Aug 2025 13:23:33 GMT",0.1.0,473335,200106,210751905.02,79.816,62.455,8.752,86.758,48.779,0.0,0.0,0.0,0.0,0.026,0.0,0.29,0.0,0.0,45.872,0.0,99.205,98.901,,68.464,8.565,0.0,0,0.0,0,0,0,,0.0,0.0
BRA,2023Q2,14,"Fri, 15 Aug 2025 13:23:33 GMT",0.1.0,474575,202832,210979726.011,79.86,62.533,7.997,86.808,48.775,0.0,0.0,0.0,0.0,0.029,0.0,0.356,0.0,0.0,45.606,0.0,99.235,98.895,,68.722,8.517,0.0,0,0.0,0,0,0,,0.0,0.0
BRA,2023Q3,14,"Fri, 15 Aug 2025 13:23:41 GMT",0.1.0,479873,207272,211211755.015,79.929,62.759,7.652,86.863,48.772,0.0,0.0,0.0,0.0,0.022,0.0,0.37,0.0,0.0,45.597,0.0,99.298,98.972,,68.774,8.489,0.0,0,0.0,0,0,0,,0.0,0.0
BRA,2023Q4,14,"Fri, 15 Aug 2025 13:23:41 GMT",0.1.0,473206,205527,211440222.011,80.024,63.127,7.369,87.167,48.77,0.0,0.0,0.0,0.0,0.032,0.0,0.271,0.0,0.0,45.487,0.0,99.25,98.926,,69.081,7.979,0.0,0,0.0,0,0,0,,0.0,0.0
BRA,2024Q1,14,"Fri, 15 Aug 2025 13:23:49 GMT",0.1.0,481349,207886,211665115.004,80.106,62.857,7.89,87.298,48.767,0.0,0.0,0.0,0.0,0.024,0.0,0.284,0.0,0.0,45.838,0.0,99.262,98.94,,69.164,8.053,0.0,0,0.0,0,0,0,,0.0,0.0
BRA,2024Q2,14,"Mon, 23 Mar 2026 12:24:29 GMT",0.1.0,479986,211000,211881671.003,80.162,63.067,6.855,87.39,48.764,0.0,0.0,0.0,0.0,0.014,0.0,0.29,0.0,0.0,45.581,0.0,99.247,98.914,,69.432,7.92,0.0,0,0.0,0,0,0,,0.0,0.0
BRA,2024Q3,14,"Fri, 15 Aug 2025 13:23:58 GMT",0.1.0,479778,213464,212099586.002,80.24,63.322,6.316,87.674,48.762,0.0,0.0,0.0,0.0,0.012,0.0,0.265,0.0,0.0,45.438,0.0,99.252,98.938,,69.901,7.831,0.0,0,0.0,0,0,0,,0.0,0.0
BRA,2024Q4,14,"Fri, 15 Aug 2025 13:23:58 GMT",0.1.0,469334,209311,212313960.002,80.28,63.576,6.126,87.89,48.759,0.0,0.0,0.0,0.0,0.017,0.0,0.206,0.0,0.0,45.614,0.0,99.265,98.962,,69.519,7.575,0.0,0,0.0,0,0,0,,0.0,0.0
BRA,2025Q1,14,2026-09-05T03:17:13+00:00,0.1.0,472367,207485,212524885.002,80.368,63.192,6.973,88.018,48.756,0.0,0.0,0.0,0.0,0.014,0.0,0.232,0.0,0.0,46.367,0.0,99.248,98.971,,69.378,7.545,0.0,0,0.0,0,0,0,,0.0,0.0
BRA,2025Q2,14,"Mon, 25 Aug 2025 12:00:07 GMT",0.1.0,475590,212383,212725660.001,80.428,63.379,5.734,87.967,48.753,0.0,0.0,0.0,0.0,0.018,0.0,0.244,0.0,0.0,45.913,0.0,99.24,98.949,,69.486,7.536,0.0,0,0.0,0,0,0,,0.0,0.0
BRA,2025Q3,14,"Mon, 17 Nov 2025 12:00:14 GMT",0.1.0,490488,220091,212929807.009,80.538,63.183,5.555,88.113,48.75,0.0,0.0,0.0,0.0,0.023,0.0,0.254,0.0,0.0,45.889,0.0,99.244,98.925,,69.391,7.781,0.0,0,0.0,0,0,0,,0.0,0.0
BRA,2025Q4,14,"Thu, 26 Feb 2026 12:00:14 GMT",0.1.0,498494,224981,213130549.0,80.616,63.066,5.05,88.131,48.747,0.0,0.0,0.0,0.0,0.043,0.0,0.236,0.0,0.0,46.105,0.0,99.272,98.98,,69.465,7.615,0.0,0,0.0,0,0,0,,0.0,0.0
BRA,2026Q1,14,"Fri, 24 Apr 2026 11:33:57 GMT",0.1.0,511149,228357,213327886.001,80.689,62.988,6.031,87.91,48.745,0.0,0.0,0.0,0.0,0.088,0.0,0.2,0.0,0.0,46.588,0.0,99.246,98.959,,69.199,7.631,0.0,0,0.0,0,0,0,,0.0,0.0
BRA,2026Q2,14,"Fri, 14 Aug 2026 12:00:10 GMT",0.1.0,521730,236100,213515590.0,80.779,63.068,5.35,87.957,48.742,0.0,0.0,0.0,0.0,0.052,0.0,0.223,0.0,0.0,46.272,0.0,99.231,98.91,,69.296,7.689,0.0,0,0.0,0,0,0,,0.0,0.0
COL,2022Q1,15,2026-09-05T04:14:44+00:00,0.1.0,238494,97673,50297750.333,77.13,63.42,13.215,77.061,48.723,0.0,0.0,0.008,0.091,0.061,0.0,49.397,0.0,0.0,1.344,0.034,99.895,99.895,,49.409,14.71,0.0,0,0.0,0,0,0,0.0,0.0,0.0
COL,2022Q2,15,2026-09-05T04:15:33+00:00,0.1.0,233058,96974,50429423.333,77.197,63.673,11.026,77.089,48.715,0.0,0.0,0.002,0.012,0.021,0.0,47.484,0.0,0.0,1.406,0.011,99.982,99.982,,49.983,14.96,0.0,0,0.0,0,0,0,0.0,0.0,0.0
COL,2022Q3,15,2026-09-05T04:16:20+00:00,0.1.0,227970,95218,50559093.0,77.261,63.71,10.789,77.117,48.706,0.0,0.0,0.004,0.002,0.008,0.0,47.248,0.0,0.0,1.468,0.007,99.993,99.993,,49.548,14.525,0.0,0,0.0,0,0,0,0.0,0.0,0.0
COL,2022Q4,15,2026-09-05T04:17:06+00:00,0.1.0,219937,92596,50694451.0,77.325,63.715,9.832,77.144,48.698,0.0,0.0,0.002,0.016,0.012,0.0,47.172,0.0,0.0,1.376,0.024,99.932,99.932,,50.289,14.37,0.0,0,0.0,0,0,0,0.0,0.0,0.0
COL,2023Q1,15,2026-09-05T04:17:45+00:00,0.1.0,221100,91430,50829088.0,77.391,63.825,11.686,77.172,48.69,0.0,0.0,0.001,0.009,0.007,0.0,47.379,0.0,0.0,1.586,0.013,99.975,99.975,,50.362,14.631,0.0,0,0.0,0,0,0,0.0,0.0,0.0
COL,2023Q2,15,2026-09-05T04:18:30+00:00,0.1.0,215701,91706,50963042.0,77.46,64.267,10.18,77.198,48.683,0.0,0.0,0.001,0.008,0.009,0.0,47.447,0.0,0.0,1.626,0.01,99.993,99.993,,50.767,14.596,0.0,0,0.0,0,0,0,0.0,0.0,0.0
COL,2023Q3,15,2026-09-05T04:19:17+00:00,0.1.0,215059,92690,51092907.333,77.535,64.477,9.368,77.225,48.675,0.0,0.0,0.004,0.002,0.009,0.0,47.67,0.0,0.0,1.625,0.011,99.998,99.998,,50.087,14.132,0.0,0,0.0,0,0,0,0.0,0.0,0.0
COL,2023Q4,15,2026-09-05T04:19:58+00:00,0.1.0,208942,89993,51226464.962,77.618,63.981,9.417,77.249,48.667,0.0,0.0,0.007,0.007,0.013,0.0,47.419,0.0,0.0,1.576,0.02,99.996,99.996,,50.384,14.24,0.0,0,0.0,0,0,0,0.0,0.0,0.0
COL,2024Q1,15,2026-09-05T04:20:39+00:00,0.1.0,213515,88396,51357237.667,77.704,63.654,11.868,77.273,48.66,0.0,0.0,0.002,0.008,0.006,0.0,46.218,0.0,0.0,1.639,0.021,99.996,99.996,,51.057,14.494,0.0,0,0.0,0,0,0,0.0,0.0,0.0
COL,2024Q2,15,2026-09-05T04:21:17+00:00,0.1.0,210665,89808,51487525.667,77.789,63.926,10.407,77.295,48.652,0.0,0.0,0.001,0.004,0.008,0.0,45.809,0.0,0.0,1.696,0.013,99.997,99.997,,51.712,14.334,0.0,0,0.0,0,0,0,0.0,0.0,0.0
COL,2024Q3,15,2026-09-05T04:22:01+00:00,0.1.0,207425,89263,51614439.0,77.868,64.05,9.573,77.318,48.645,0.0,0.0,0.006,0.004,0.003,0.0,46.832,0.0,0.0,1.707,0.01,99.997,99.997,,50.625,14.345,0.0,0,0.0,0,0,0,0.0,0.0,0.0
COL,2024Q4,15,2026-09-05T04:22:38+00:00,0.1.0,198078,86205,51744814.0,77.944,64.004,8.811,77.338,48.637,0.0,0.0,0.003,0.002,0.003,0.0,46.643,0.0,0.0,1.72,0.009,99.999,99.999,,50.764,13.857,0.0,0,0.0,0,0,0,0.0,0.0,0.0
COL,2025Q1,15,2026-09-05T04:23:19+00:00,0.1.0,203893,86999,51873577.333,78.016,64.506,10.523,77.358,48.63,0.0,0.0,0.0,0.003,0.005,0.0,45.906,0.0,0.0,1.746,0.005,99.996,99.996,,50.296,14.646,0.0,0,0.0,0,0,0,0.0,0.0,0.0
COL,2025Q2,15,2026-09-05T04:24:00+00:00,0.1.0,204530,89177,52001134.333,78.087,63.861,8.791,77.377,48.622,0.0,0.0,0.001,0.002,0.0,0.0,45.754,0.0,0.0,1.761,0.009,99.995,99.995,,51.252,14.096,0.0,0,0.0,0,0,0,0.0,0.0,0.0
COL,2025Q3,15,2026-09-05T04:24:45+00:00,0.1.0,205276,90496,52126335.333,78.158,64.146,8.539,77.396,48.615,0.0,0.0,0.0,0.001,0.001,0.0,45.782,0.0,0.0,1.763,0.002,100.0,100.0,,51.511,13.898,0.0,0,0.0,0,0,0,0.0,0.0,0.0
COL,2025Q4,15,2026-09-05T04:25:23+00:00,0.1.0,203851,91357,52254411.032,78.232,64.684,7.735,77.412,48.608,0.0,0.0,0.001,0.001,0.001,0.0,45.513,0.0,0.0,1.778,0.003,99.997,99.997,,51.169,14.214,0.0,0,0.0,0,0,0,0.0,0.0,0.0
COL,2026Q1,15,2026-09-05T04:26:02+00:00,0.1.0,201251,87942,52380633.333,78.307,64.445,9.62,77.429,48.601,0.0,0.0,0.001,0.001,0.001,0.0,45.342,0.0,0.0,1.775,0.005,100.0,100.0,,50.403,13.475,0.0,0,0.0,0,0,0,0.0,0.0,0.0
COL,2026Q2,15,2026-09-05T04:26:46+00:00,0.1.0,200699,89253,52505805.0,78.382,64.742,8.276,77.443,48.593,0.0,0.0,0.001,0.003,0.002,0.0,44.942,0.0,0.0,1.86,0.001,99.999,99.999,,51.387,13.573,0.0,0,0.0,0,0,0,0.0,0.0,0.0
ECU,2021Q3,15,"Sun, 24 Oct 2021 00:38:01 GMT",0.1.0,90441,42876,17856714.0,71.115,66.437,5.053,68.173,48.945,0.0,0.0,0.0,0.0,0.0,0.0,40.552,0.0,0.0,0.0,52.829,100.0,99.99,100.0,46.19,30.933,0.0,0,0.0,0,0,0,0.0,0.0,0.0
ECU,2021Q4,15,"Sat, 29 Jan 2022 01:13:43 GMT",0.1.0,91169,44274,17917508.001,71.123,66.74,4.68,68.174,48.946,0.0,0.0,0.0,0.0,0.0,0.0,40.505,0.0,0.0,0.0,52.846,100.0,99.994,100.0,47.144,31.451,0.0,0,0.0,0,0,0,0.0,0.0,0.0
ECU,2022Q1,15,"Wed, 27 Apr 2022 20:42:41 GMT",0.1.0,90799,42923,17978473.009,71.144,65.936,5.037,68.174,48.944,0.0,0.0,0.0,0.0,0.0,0.0,40.948,0.0,0.0,0.0,52.881,100.0,99.979,100.0,46.332,33.008,0.0,0,0.0,0,0,0,0.0,0.0,0.0
ECU,2022Q2,15,"Thu, 28 Jul 2022 19:55:48 GMT",0.1.0,89406,42817,18039770.218,71.152,66.625,4.295,68.174,48.944,0.0,0.0,0.0,0.0,0.0,0.0,41.157,0.0,0.0,0.0,52.262,100.0,99.977,100.0,47.016,31.487,0.0,0,0.0,0,0,0,0.0,0.0,0.0
ECU,2022Q3,15,"Sun, 30 Oct 2022 20:33:18 GMT",0.1.0,90007,43392,18101202.0,71.161,67.023,4.068,68.174,48.944,0.0,0.0,0.0,0.0,0.0,0.0,40.547,0.0,0.0,0.0,51.496,100.0,99.98,100.0,46.576,31.195,0.0,0,0.0,0,0,0,0.0,0.0,0.0
ECU,2022Q4,15,"Mon, 30 Jan 2023 18:28:53 GMT",0.1.0,87884,42668,18162830.055,71.169,65.732,3.799,68.173,48.944,0.0,0.0,0.0,0.0,0.0,0.0,40.304,0.0,0.0,0.0,50.928,100.0,99.984,100.0,48.147,31.046,0.0,0,0.0,0,0,0,0.0,0.0,0.0
ECU,2023Q1,15,"Thu, 27 Apr 2023 20:35:45 GMT",0.1.0,87399,42050,18224686.005,71.177,65.535,3.822,68.174,48.944,0.0,0.0,0.0,0.0,0.0,0.0,40.371,0.0,0.0,0.0,51.163,100.0,99.967,100.0,47.613,32.226,0.0,0,0.0,0,0,0,0.0,0.0,0.0
ECU,2023Q2,15,"Thu, 27 Jul 2023 20:23:22 GMT",0.1.0,86763,41491,18286780.001,71.185,64.435,3.826,68.174,48.944,0.0,0.0,0.0,0.0,0.0,0.0,39.727,0.0,0.0,0.0,50.083,100.0,99.983,100.0,49.182,31.875,0.0,0,0.0,0,0,0,0.0,0.0,0.0
ECU,2023Q3,15,"Mon, 30 Oct 2023 14:42:29 GMT",0.1.0,85500,41088,18390471.0,71.069,65.605,3.767,68.174,48.944,0.0,0.0,0.0,0.0,0.0,0.0,39.53,0.0,0.0,0.0,50.231,100.0,99.981,100.0,48.101,30.23,0.0,0,0.0,0,0,0,0.0,0.0,0.0
ECU,2023Q4,15,"Tue, 30 Jan 2024 19:58:04 GMT",0.1.0,85512,41301,18453179.724,71.069,65.066,3.568,68.174,48.944,0.0,0.0,0.0,0.0,0.0,0.0,40.256,0.0,0.0,0.0,50.546,100.0,99.974,100.0,47.847,32.526,0.0,0,0.0,0,0,0,0.0,0.0,0.0
ECU,2024Q1,15,"Mon, 29 Apr 2024 21:57:53 GMT",0.1.0,85630,40973,18515954.926,71.069,64.538,4.089,68.174,48.944,0.0,0.0,0.0,0.0,0.0,0.0,40.014,0.0,0.0,0.0,50.25,100.0,99.982,100.0,47.407,33.698,0.0,0,0.0,0,0,0,0.0,0.0,0.0
ECU,2024Q2,15,"Tue, 30 Jul 2024 16:05:57 GMT",0.1.0,85708,41284,18579256.0,71.069,64.815,3.484,68.174,48.944,0.0,0.0,0.0,0.0,0.0,0.0,39.756,0.0,0.0,0.0,49.969,100.0,99.965,100.0,47.841,31.799,0.0,0,0.0,0,0,0,0.0,0.0,0.0
ECU,2024Q3,15,"Tue, 29 Oct 2024 19:55:13 GMT",0.1.0,86154,41987,18642527.0,71.069,65.46,3.971,68.174,48.944,0.0,0.0,0.0,0.002,0.002,0.0,39.929,0.0,0.0,0.0,50.435,99.997,99.987,99.997,47.624,32.073,0.0,0,0.0,0,0,0,0.0,0.0,0.0
ECU,2024Q4,15,"Thu, 30 Jan 2025 20:14:00 GMT",0.1.0,83902,40644,18706025.36,71.069,64.078,3.385,68.174,48.944,0.0,0.0,0.0,0.0,0.0,0.0,39.883,0.0,0.0,0.0,49.995,100.0,99.988,100.0,47.638,32.29,0.0,0,0.0,0,0,0,0.0,0.0,0.0
ECU,2025Q1,15,"Tue, 29 Apr 2025 21:36:28 GMT",0.1.0,84555,40573,18661404.267,71.055,64.191,3.815,68.063,48.951,0.0,0.0,0.0,0.0,0.0,0.0,39.085,0.0,0.0,0.0,49.267,100.0,99.983,100.0,48.316,32.866,0.0,0,0.0,0,0,0,0.0,0.0,0.0
ECU,2025Q2,15,"Tue, 29 Jul 2025 20:08:25 GMT",0.1.0,84067,40594,18833666.111,71.069,64.774,3.88,68.174,48.944,0.0,0.0,0.0,0.0,0.0,0.0,39.585,0.0,0.0,0.0,49.096,100.0,99.986,100.0,49.634,31.352,0.0,0,0.0,0,0,0,0.0,0.0,0.0
ECU,2025Q3,15,"Thu, 30 Oct 2025 17:35:23 GMT",0.1.0,82421,40131,18897823.003,71.069,65.255,3.593,68.174,48.944,0.0,0.0,0.0,0.0,0.0,0.0,38.962,0.0,0.0,0.0,48.055,100.0,99.968,100.0,51.382,30.727,0.0,0,0.0,0,0,0,0.0,0.0,0.0
ECU,2025Q4,15,"Tue, 27 Jan 2026 17:17:20 GMT",0.1.0,83743,40608,18962191.036,71.069,64.051,3.095,68.174,48.944,0.0,0.0,0.0,0.0,0.0,0.0,39.428,0.0,0.0,0.0,48.303,100.0,99.953,100.0,49.942,34.418,0.0,0,0.0,0,0,0,0.0,0.0,0.0
ECU,2026Q1,15,"Tue, 28 Apr 2026 00:03:19 GMT",0.1.0,82894,39920,19026779.0,71.069,63.745,3.377,68.174,48.944,0.0,0.0,0.0,0.0,0.0,0.0,39.409,0.0,0.0,0.0,47.983,100.0,99.991,100.0,51.34,32.289,0.0,0,0.0,0,0,0,0.0,0.0,0.0
GEO,2021Q1,15,"Wed, 07 Sep 2022 14:03:12 GMT",0.1.0,15002,5616,2994799.682,100.0,48.325,21.938,56.453,46.459,0.0,0.0,0.18,0.036,0.018,0.0,100.0,16.239,100.0,24.911,36.948,99.872,99.872,,69.294,17.889,0.0,0,0.0,0,0,0,0.0,0.0,0.0
GEO,2021Q2,15,"Wed, 07 Sep 2022 14:03:12 GMT",0.1.0,15422,6192,3032023.734,100.0,51.423,22.101,56.535,46.606,0.0,0.0,0.13,0.032,0.016,0.0,100.0,5.652,100.0,26.841,37.775,99.899,99.899,,68.48,19.315,0.0,0,0.0,0,0,0,0.0,0.0,0.0
GEO,2021Q3,15,"Wed, 07 Sep 2022 14:03:12 GMT",0.1.0,15214,6549,3013026.016,100.0,52.837,19.524,56.821,46.677,0.0,0.0,0.164,0.0,0.0,0.0,100.0,12.613,100.0,27.088,38.296,100.0,100.0,,67.272,19.59,0.0,0,0.0,0,0,0,0.0,0.0,0.0
GEO,2021Q4,15,"Wed, 07 Sep 2022 14:03:12 GMT",0.1.0,15199,6411,3001209.519,100.0,51.182,19.002,56.707,46.409,0.0,0.0,0.178,0.031,0.0,0.0,100.0,5.771,100.0,26.751,38.808,99.925,99.925,,67.603,18.796,0.0,0,0.0,0,0,0,0.0,0.0,0.0
GEO,2022Q1,15,"Fri, 23 Jun 2023 13:27:33 GMT",0.1.0,15446,6183,2986972.181,100.0,49.906,19.429,56.17,46.174,0.0,0.0,0.142,0.016,0.016,0.0,100.0,11.386,100.0,24.858,37.49,99.961,99.961,,68.083,18.117,0.0,0,0.0,0,0,0,0.0,0.0,0.0
GEO,2022Q2,15,"Fri, 23 Jun 2023 13:27:33 GMT",0.1.0,15328,6567,3010430.952,100.0,51.537,18.148,57.43,45.946,0.0,0.0,0.163,0.015,0.015,0.0,100.0,4.111,100.0,24.791,36.927,99.958,99.958,,68.346,18.027,0.0,0,0.0,0,0,0,0.0,0.0,0.0
GEO,2022Q3,15,"Fri, 23 Jun 2023 13:27:33 GMT",0.1.0,14913,6930,3006173.225,100.0,53.535,15.58,57.669,46.237,0.0,0.0,0.201,0.014,0.014,0.0,100.0,11.328,100.0,25.685,38.196,99.99,99.99,,67.262,18.272,0.0,0,0.0,0,0,0,0.0,0.0,0.0
GEO,2022Q4,15,"Fri, 23 Jun 2023 13:27:33 GMT",0.1.0,14575,6560,2952132.676,100.0,52.665,16.051,57.087,46.77,0.0,0.0,0.199,0.0,0.0,0.0,100.0,5.793,100.0,24.223,37.637,100.0,100.0,,67.734,17.039,0.0,0,0.0,0,0,0,0.0,0.0,0.0
GEO,2023Q1,15,"Fri, 21 Jun 2024 11:40:27 GMT",0.1.0,14510,6357,2985325.975,100.0,51.958,18.001,57.699,46.189,0.0,0.0,0.214,0.0,0.0,0.0,100.0,8.023,100.0,24.099,37.722,100.0,100.0,,67.89,16.865,0.0,0,0.0,0,0,0,0.0,0.0,0.0
GEO,2023Q2,15,"Fri, 21 Jun 2024 11:40:27 GMT",0.1.0,14724,6655,2999603.631,100.0,53.15,16.744,58.322,46.133,0.0,0.0,0.211,0.0,0.0,0.0,100.0,3.696,100.0,24.598,35.958,100.0,100.0,,69.059,17.411,0.0,0,0.0,0,0,0,0.0,0.0,0.0
GEO,2023Q3,15,"Fri, 21 Jun 2024 11:40:27 GMT",0.1.0,14527,6746,3018926.132,100.0,53.611,15.581,58.682,46.014,0.0,0.0,0.234,0.0,0.0,0.0,100.0,8.924,100.0,24.503,36.184,100.0,100.0,,69.032,16.925,0.0,0,0.0,0,0,0,0.0,0.0,0.0
GEO,2023Q4,15,"Fri, 21 Jun 2024 11:40:27 GMT",0.1.0,14637,6807,2984495.41,100.0,54.325,15.336,58.588,46.363,0.0,0.0,0.232,0.029,0.0,0.0,100.0,4.495,100.0,21.537,35.14,99.938,99.938,,69.817,15.003,0.0,0,0.0,0,0,0,0.0,0.0,0.0
GEO,2024Q1,15,"Mon, 16 Jun 2025 13:40:11 GMT",0.1.0,14487,6863,2963797.236,100.0,55.014,14.021,58.332,46.628,0.0,0.0,0.207,0.0,0.015,0.0,100.0,6.397,100.0,21.55,35.67,100.0,100.0,,67.974,15.572,0.0,0,0.0,0,0,0,0.0,0.0,0.0
GEO,2024Q2,15,"Mon, 16 Jun 2025 13:40:11 GMT",0.1.0,14455,6910,2951316.277,100.0,54.469,13.669,58.46,46.369,0.0,0.0,0.166,0.0,0.0,0.0,100.0,4.298,100.0,25.253,37.598,100.0,100.0,,67.429,17.834,0.0,0,0.0,0,0,0,0.0,0.0,0.0
GEO,2024Q3,15,"Mon, 16 Jun 2025 13:40:11 GMT",0.1.0,14264,6792,2988696.975,100.0,54.651,13.82,58.408,45.856,0.0,0.0,0.168,0.0,0.0,0.0,100.0,10.115,100.0,23.086,35.483,100.0,100.0,,69.221,15.845,0.0,0,0.0,0,0,0,0.0,0.0,0.0
GEO,2024Q4,15,"Mon, 16 Jun 2025 13:40:11 GMT",0.1.0,14340,6786,2997176.13,100.0,54.933,14.209,58.313,46.438,0.0,0.0,0.216,0.0,0.0,0.0,100.0,3.994,100.0,20.587,34.733,100.0,100.0,,69.273,14.958,0.0,0,0.0,0,0,0,0.0,0.0,0.0
GEO,2025Q1,15,"Fri, 05 Jun 2026 12:56:40 GMT",0.1.0,14621,6876,2981296.397,100.0,54.795,14.653,58.264,46.982,0.0,0.0,0.178,0.015,0.0,0.0,100.0,8.377,100.0,20.753,34.671,99.938,99.938,,68.73,15.35,0.0,0,0.0,0,0,0,0.0,0.0,0.0
GEO,2025Q2,15,"Fri, 05 Jun 2026 12:56:40 GMT",0.1.0,14674,7079,2943647.487,100.0,54.146,14.279,57.909,46.403,0.0,0.0,0.164,0.042,0.0,0.0,100.0,4.45,100.0,23.817,35.966,99.844,99.844,,68.835,16.888,0.0,0,0.0,0,0,0,0.0,0.0,0.0
GEO,2025Q3,15,"Fri, 05 Jun 2026 12:56:40 GMT",0.1.0,14364,6982,2951135.388,100.0,54.542,13.274,57.806,46.083,0.0,0.0,0.16,0.029,0.014,0.0,100.0,9.825,100.0,22.615,35.62,99.94,99.94,,69.868,15.331,0.0,0,0.0,0,0,0,0.0,0.0,0.0
GEO,2025Q4,15,"Fri, 05 Jun 2026 12:56:40 GMT",0.1.0,14511,7006,2976056.198,100.0,54.351,13.315,57.699,46.894,0.0,0.0,0.152,0.014,0.0,0.0,100.0,3.782,100.0,21.667,35.669,99.963,99.963,,69.205,15.293,0.0,0,0.0,0,0,0,0.0,0.0,0.0
IND,2021Q1,15,2026-09-07T13:22:25+00:00,0.1.0,103789,38216,1105615784.75,74.766,52.648,6.204,29.043,50.717,0.0,0.0,0.0,0.005,0.0,0.0,100.0,100.0,100.0,100.0,100.0,85.405,,,45.548,42.707,0.0,0,0.0,0,0,0,0.75,0.002,0.0
IND,2021Q2,15,2026-09-07T13:22:25+00:00,0.1.0,102262,36381,1087948070.66,76.109,50.874,9.343,28.409,51.003,0.0,0.0,0.0,0.0,0.0,0.0,100.0,100.0,100.0,100.0,100.0,85.03,,,44.433,43.55,0.0,0,0.0,0,0,0,37.988,0.0,0.0
IND,2021Q3,15,2026-09-07T13:22:25+00:00,0.1.0,107580,38437,1160941489.29,74.792,51.626,7.317,27.988,51.078,0.0,0.0,0.0,0.0,0.0,0.0,100.0,100.0,100.0,100.0,100.0,100.0,,,44.323,45.508,0.0,0,0.0,0,0,0,60.683,0.0,0.0
IND,2021Q4,15,2026-09-07T13:22:25+00:00,0.1.0,107511,39360,1158510225.76,74.368,52.101,6.283,27.873,50.796,0.0,0.0,0.0,0.0,0.0,0.0,100.0,100.0,100.0,100.0,100.0,100.0,,,43.788,44.417,0.0,0,0.0,0,0,0,1.299,0.0,0.0
IND,2022Q1,15,2026-09-07T13:22:27+00:00,0.1.0,106876,38882,1162760224.725,74.747,51.795,6.511,28.194,50.69,0.0,0.0,0.0,0.0,0.0,0.0,13.312,0.802,100.0,100.0,100.0,100.0,,,45.102,41.936,0.0,0,0.0,0,0,0,0.127,0.0,0.0
IND,2022Q2,15,2026-09-07T13:22:27+00:00,0.1.0,106558,39099,1150690839.985,75.087,51.371,6.299,28.341,50.685,0.0,0.0,0.0,0.0,0.0,0.0,12.821,1.307,100.0,100.0,100.0,100.0,,,45.58,39.707,0.0,0,0.0,0,0,0,0.026,0.0,0.0
IND,2022Q3,15,2026-09-07T13:22:27+00:00,0.1.0,105674,40517,1161593618.135,74.525,53.648,5.335,27.757,50.894,0.0,0.0,0.0,0.0,0.0,0.0,15.171,0.575,100.0,100.0,100.0,100.0,,,43.248,44.155,0.0,0,0.0,0,0,0,0.204,0.0,0.0
IND,2022Q4,15,2026-09-07T13:22:27+00:00,0.1.0,105790,41265,1162037894.975,74.431,54.945,5.179,27.838,50.575,0.0,0.0,0.0,0.0,0.0,0.0,15.456,0.582,100.0,100.0,100.0,100.0,,,42.257,44.268,0.0,0,0.0,0,0,0,0.141,0.0,0.0
IND,2023Q1,15,2026-09-07T13:22:28+00:00,0.1.0,104517,41275,1166043464.505,74.58,55.453,4.929,28.101,50.853,0.0,0.0,0.0,0.0,0.0,0.0,14.849,0.836,100.0,100.0,100.0,100.0,,,43.344,41.639,0.0,0,0.0,0,0,0,0.151,0.0,0.0
IND,2023Q2,15,2026-09-07T13:22:28+00:00,0.1.0,103503,40727,1166198738.6,75.053,55.123,5.49,27.844,50.852,0.0,0.0,0.0,0.0,0.0,0.0,14.109,1.12,100.0,100.0,100.0,100.0,,,44.177,41.08,0.0,0,0.0,0,0,0,0.0,0.0,0.0
IND,2023Q3,15,2026-09-07T13:22:28+00:00,0.1.0,104352,43084,1204256051.285,74.658,57.668,4.781,29.231,50.538,0.0,0.0,0.0,0.0,0.0,0.0,16.354,0.664,100.0,100.0,100.0,100.0,,,41.096,45.65,0.0,0,0.0,0,0,0,0.037,0.0,0.0
IND,2023Q4,15,2026-09-07T13:22:28+00:00,0.1.0,103960,42760,1183072752.35,75.133,56.626,4.754,29.25,50.608,0.0,0.0,0.0,0.0,0.0,0.0,16.003,0.723,100.0,100.0,100.0,100.0,,,41.406,45.421,0.0,0,0.0,0,0,0,0.0,0.0,0.0
IND,2024Q1,15,2026-09-07T13:22:34+00:00,0.1.0,104806,42595,1217606684.715,74.701,56.498,4.726,29.187,50.428,0.0,0.0,0.0,0.0,0.0,0.0,14.692,0.843,100.0,100.0,100.0,100.0,,,42.3,42.886,0.0,0,0.0,0,0,0,0.052,0.0,0.0
IND,2024Q2,15,2026-09-07T13:22:34+00:00,0.1.0,104706,41586,1211714138.47,74.669,55.011,5.281,28.774,50.343,0.0,0.0,0.0,0.0,0.0,0.0,13.661,1.258,100.0,100.0,100.0,100.0,,,44.404,39.823,0.0,0,0.0,0,0,0,0.0,0.0,0.0
IND,2024Q3,15,2026-09-07T13:22:34+00:00,0.1.0,103146,42130,1200452456.915,75.205,56.367,4.852,30.377,50.61,0.0,0.0,0.0,0.0,0.0,0.0,14.783,0.781,100.0,100.0,100.0,100.0,,,43.211,43.464,0.0,0,0.0,0,0,0,0.196,0.0,0.0
IND,2024Q4,15,2026-09-07T13:22:34+00:00,0.1.0,102891,42462,1192697876.12,74.984,57.007,4.684,29.72,50.236,0.0,0.0,0.0,0.0,0.0,0.0,14.945,0.728,100.0,100.0,100.0,100.0,,,42.426,43.171,0.0,0,0.0,0,0,0,0.0,0.0,0.0
IND,2025Q1,15,2026-09-07T13:22:34+00:00,0.1.0,289926,114802,1221851638.64,75.478,55.453,5.309,31.462,50.084,0.0,0.0,0.0,0.0,0.0,0.0,15.087,0.827,100.0,100.0,100.0,100.0,,,45.768,40.256,0.0,0,0.0,0,0,0,0.0,0.0,0.0
IND,2025Q2,15,2026-09-07T13:22:34+00:00,0.1.0,570805,223010,1199487512.841,75.486,54.965,5.387,31.487,49.938,0.0,0.0,0.0,0.0,0.0,0.0,14.931,1.272,100.0,100.0,100.0,100.0,,,45.64,39.496,0.0,0,0.0,0,0,0,0.0,0.0,0.0
IND,2025Q3,15,2026-09-07T13:22:34+00:00,0.1.0,564828,221658,1173500228.39,75.515,55.092,5.182,31.389,49.852,0.0,0.0,0.0,0.0,0.0,0.0,14.85,0.516,100.0,100.0,100.0,100.0,,,44.234,42.379,0.0,0,0.0,0,0,0,0.0,0.0,0.0
IND,2025Q4,15,2026-09-07T13:22:34+00:00,0.1.0,561108,222680,1172445139.75,75.596,55.767,4.809,31.705,49.7,0.0,0.0,0.0,0.0,0.0,0.0,15.163,0.482,100.0,100.0,100.0,100.0,,,43.747,43.206,0.0,0,0.0,0,0,0,0.0,0.0,0.0
MEX,2021Q1,15,"Tue, 27 Feb 2024 00:21:29 GMT",0.1.0,343451,147949,127203297.0,76.209,57.133,4.355,77.185,48.408,0.0,0.01,0.098,0.293,1.377,0.0,24.471,4.966,0.761,0.685,30.541,61.091,40.858,21.655,68.626,12.311,0.0,0,0.0,0,0,0,0.0,0.0,0.0
MEX,2021Q2,15,"Tue, 27 Feb 2024 00:21:30 GMT",0.1.0,373799,166309,127488991.0,76.605,59.048,4.206,77.181,48.094,0.0,0.009,0.106,0.305,1.384,0.0,26.274,3.751,100.0,0.755,30.944,61.211,41.273,21.81,68.455,12.489,0.0,0,0.0,0,0,0,,0.0,0.0
MEX,2021Q3,15,"Wed, 23 Nov 2022 12:01:24 GMT",0.1.0,420297,186663,127772520.0,76.791,59.426,4.238,77.171,48.189,0.0,0.008,0.112,0.043,0.695,0.0,26.59,4.373,100.0,0.775,31.609,60.798,40.657,22.29,67.883,12.509,0.0,0,0.0,0,0,0,,0.0,0.0
MEX,2021Q4,15,"Wed, 23 Nov 2022 12:01:25 GMT",0.1.0,426328,191760,127996051.0,76.943,59.666,3.66,77.168,48.125,0.0,0.007,0.118,0.035,0.641,0.0,27.092,2.705,100.0,0.763,31.634,60.955,41.131,22.455,67.762,12.1,0.0,0,0.0,0,0,0,,0.0,0.0
MEX,2022Q1,15,"Wed, 23 Nov 2022 12:01:26 GMT",0.1.0,395344,176192,128271478.0,77.087,58.743,3.454,77.168,47.901,0.0,0.007,0.108,0.04,0.629,0.0,26.252,4.471,0.856,0.712,30.737,60.708,40.622,22.337,68.45,11.629,0.0,0,0.0,0,0,0,0.0,0.0,0.0
MEX,2022Q2,15,"Thu, 18 Aug 2022 11:01:39 GMT",0.1.0,398157,180969,128533664.0,77.07,59.901,3.232,77.168,47.982,0.0,0.005,0.107,0.05,0.665,0.0,27.2,3.535,100.0,0.853,31.068,60.931,40.817,22.267,68.281,11.797,0.0,0,0.0,0,0,0,,0.0,0.0
MEX,2022Q3,15,"Fri, 25 Nov 2022 22:00:10 GMT",0.1.0,390995,178090,128665641.0,77.121,59.943,3.43,77.174,48.128,0.0,0.005,0.109,0.033,0.728,0.0,27.931,3.978,100.0,0.794,30.829,60.431,40.798,22.472,67.731,12.336,0.0,0,0.0,0,0,0,,0.0,0.0
MEX,2022Q4,15,"Mon, 20 Feb 2023 12:04:20 GMT",0.1.0,389435,179580,128857600.0,77.229,60.438,2.986,77.187,47.972,0.0,0.005,0.103,0.034,0.709,0.0,28.313,2.668,100.0,0.851,30.759,60.822,40.835,22.176,68.168,11.848,0.0,0,0.0,0,0,0,,0.0,0.0
MEX,2023Q1,15,"Mon, 29 May 2023 12:00:47 GMT",0.1.0,442267,203575,129035733.0,77.302,60.241,2.658,77.19,47.969,0.0,0.004,0.103,0.032,0.628,0.0,27.553,3.646,0.79,0.746,30.917,61.388,40.983,22.5,68.615,11.281,0.0,0,0.0,0,0,0,0.0,0.0,0.0
MEX,2023Q2,15,"Mon, 28 Aug 2023 12:02:02 GMT",0.1.0,422778,195374,129202482.0,77.437,60.186,2.814,77.198,47.816,0.0,0.003,0.1,0.035,0.733,0.0,28.589,3.987,100.0,0.871,31.241,61.092,40.996,22.653,68.556,11.339,0.0,0,0.0,0,0,0,,0.0,0.0
MEX,2023Q3,15,"Mon, 27 Nov 2023 12:04:23 GMT",0.1.0,420705,195781,129406736.0,77.738,60.63,2.992,77.167,47.84,0.0,0.003,0.105,0.053,0.71,0.0,29.38,4.118,100.0,0.889,31.226,61.321,41.063,22.502,68.393,11.419,0.0,0,0.0,0,0,0,,0.0,0.0
MEX,2023Q4,15,"Mon, 26 Feb 2024 12:01:44 GMT",0.1.0,411891,192399,129625968.0,77.793,60.535,2.685,77.177,47.744,0.0,0.004,0.099,0.046,0.687,0.0,29.659,3.311,100.0,0.858,30.799,61.287,40.905,22.481,69.014,10.908,0.0,0,0.0,0,0,0,,0.0,0.0
MEX,2024Q1,15,"Mon, 27 May 2024 12:01:21 GMT",0.1.0,415490,193108,129713690.0,77.972,59.979,2.542,77.182,47.701,0.0,0.004,0.097,0.034,0.643,0.0,28.387,4.096,0.875,0.757,30.544,61.404,40.798,22.49,69.127,10.832,0.0,0,0.0,0,0,0,0.0,0.0,0.0
MEX,2024Q2,15,"Mon, 02 Sep 2024 12:02:33 GMT",0.1.0,419455,195278,129940228.0,77.86,60.247,2.668,77.066,47.668,0.0,0.006,0.098,0.054,0.667,0.0,29.445,3.871,100.0,0.816,30.47,61.369,40.914,22.644,69.166,10.589,0.0,0,0.0,0,0,0,,0.0,0.0
MEX,2024Q3,15,"Tue, 27 May 2025 12:00:55 GMT",0.1.0,415147,193623,130154247.0,78.077,60.391,3.002,77.053,47.691,0.0,0.005,0.099,0.039,0.675,0.0,29.332,4.343,100.0,0.82,30.664,60.896,40.604,22.222,68.846,11.564,0.0,0,0.0,0,0,0,,0.0,0.0
MEX,2024Q4,15,"Tue, 27 May 2025 12:00:56 GMT",0.1.0,413024,191738,130294079.0,78.236,59.895,2.568,78.593,47.641,0.0,0.005,0.125,0.064,0.749,0.0,31.536,2.916,100.0,1.02,30.509,60.917,40.571,22.919,69.531,10.567,0.0,0,0.0,0,0,0,,0.0,0.0
MEX,2025Q1,15,"Tue, 27 May 2025 12:01:03 GMT",0.1.0,412079,189481,130417144.0,78.41,59.155,2.464,78.586,47.666,0.0,0.005,0.151,0.056,0.705,0.0,34.093,4.423,1.335,0.849,30.354,60.669,40.329,23.01,69.499,10.478,0.0,0,0.0,0,0,0,0.0,0.0,0.0
MEX,2025Q2,15,"Tue, 26 Aug 2025 12:00:29 GMT",0.1.0,413004,190687,130575786.0,78.587,59.509,2.66,78.591,47.681,0.0,0.008,0.175,0.046,0.743,0.0,35.733,3.895,100.0,0.947,30.694,60.857,40.433,22.89,69.134,10.67,0.0,0,0.0,0,0,0,,0.0,0.0
MEX,2025Q3,15,"Wed, 26 Nov 2025 12:00:47 GMT",0.1.0,411562,190938,130760049.0,78.823,59.478,2.887,78.577,47.793,0.0,0.008,0.202,0.056,0.74,0.0,35.862,4.406,100.0,0.918,31.137,60.417,40.255,23.125,68.462,10.941,0.0,0,0.0,0,0,0,,0.0,0.0
MEX,2025Q4,15,"Tue, 24 Feb 2026 12:00:44 GMT",0.1.0,408099,190187,131001723.0,78.994,59.283,2.547,78.65,47.829,0.0,0.013,0.237,0.053,0.803,0.0,33.316,2.775,100.0,0.91,30.989,60.661,40.358,23.345,68.994,10.49,0.0,0,0.0,0,0,0,,0.0,0.0
MEX,2026Q1,15,"Tue, 26 May 2026 12:00:37 GMT",0.1.0,406740,187657,131150866.0,79.355,58.721,2.554,78.66,47.918,0.0,0.012,0.242,0.042,0.727,0.0,30.036,4.459,1.327,0.702,30.663,60.849,40.455,23.331,68.95,10.351,0.0,0,0.0,0,0,0,0.0,0.0,0.0
MEX,2026Q2,15,"Tue, 25 Aug 2026 12:00:24 GMT",0.1.0,407107,189353,131231919.0,79.481,59.131,2.654,78.674,47.872,0.0,0.01,0.242,0.052,0.76,0.0,31.75,3.833,100.0,0.804,31.176,60.837,40.121,23.232,68.778,10.336,0.0,0,0.0,0,0,0,,0.0,0.0
NGA,2024Q1,15,2026-09-06T19:42:45+00:00,0.1.0,45318,19303,216798931.672,54.379,77.334,5.352,57.447,49.648,0.0,0.0,10.799,0.249,0.005,0.0,100.0,0.378,99.845,85.329,85.334,99.779,99.776,99.996,14.627,26.079,0.0,0,0.0,0,0,0,0.0,0.0,0.0
NGA,2024Q3,15,2026-09-06T19:42:47+00:00,0.1.0,43955,19346,216798931.055,54.446,79.044,4.713,54.195,50.068,0.0,0.0,10.258,0.0,0.0,0.0,100.0,1.318,5.055,88.075,88.085,100.0,99.998,100.0,11.741,34.059,0.0,0,0.0,0,0,0,0.0,0.0,0.0
NGA,2024Q4,15,2026-09-06T19:42:51+00:00,0.1.0,43728,19276,216686538.61,54.657,79.62,5.03,58.119,50.008,0.0,0.0,10.15,0.0,0.0,0.0,100.0,1.764,5.717,88.177,88.177,100.0,100.0,100.0,11.647,33.977,0.0,0,0.0,0,0,0,0.0,0.0,0.0
NGA,2025Q1,15,2026-09-06T19:42:52+00:00,0.1.0,42385,19053,221166737.109,55.483,80.014,5.219,52.946,49.74,0.0,0.0,9.631,0.037,0.037,0.0,100.0,3.921,7.106,88.427,88.432,99.983,99.983,99.983,11.754,30.27,0.0,0,0.0,0,0,0,0.0,0.0,0.0
NGA,2025Q2,15,2026-09-06T19:42:52+00:00,0.1.0,39934,17548,221246262.341,55.184,78.339,5.358,54.042,49.781,0.0,0.0,7.847,7.608,7.608,0.0,100.0,4.747,8.314,88.574,88.58,92.036,92.036,92.036,10.88,30.973,0.0,0,0.0,0,0,0,0.228,0.0,0.0
PER,2022Q1,14,"Mon, 04 Mar 2024 16:39:02 GMT",0.1.0,76291,47383,25323994.331,97.534,73.05,6.206,82.932,49.335,0.0,0.0,0.0,0.0,0.0,0.0,0.0,4.73,100.0,0.0,100.0,95.226,88.134,100.0,47.244,25.608,0.0,0,0.0,0,0,0,0.0,0.0,0.0
PER,2022Q2,14,"Mon, 04 Mar 2024 22:43:15 GMT",0.1.0,75221,47600,25426837.631,97.566,72.919,4.199,83.057,49.325,0.0,0.0,0.0,0.0,0.0,0.0,0.0,1.731,100.0,0.0,100.0,95.191,87.975,100.0,47.785,25.247,0.0,4,0.005,0,0,0,0.0,0.0,0.0
PER,2022Q3,14,"Mon, 04 Mar 2024 22:53:21 GMT",0.1.0,75108,47946,25533962.643,97.567,72.319,4.335,83.184,49.312,0.0,0.0,0.0,0.0,0.0,0.0,0.0,2.042,100.0,0.0,100.0,95.222,88.478,100.0,48.417,24.614,0.0,2,0.003,0,0,0,0.0,0.0,0.0
PER,2022Q4,14,"Mon, 04 Mar 2024 23:01:32 GMT",0.1.0,76462,49473,25641941.009,97.512,72.27,3.904,83.311,49.3,0.0,0.0,0.0,0.0,0.0,0.0,0.01,1.781,100.0,0.0,100.0,94.896,87.156,100.0,49.234,24.543,0.0,0,0.0,0,0,0,0.0,0.0,0.0
PER,2023Q1,14,"Mon, 13 Nov 2023 20:28:13 GMT",0.1.0,74555,47032,25748716.668,97.576,71.233,5.85,83.435,49.287,0.0,0.0,0.0,0.0,0.0,0.0,0.004,4.038,100.0,0.0,100.0,95.107,88.26,100.0,47.681,24.447,0.0,1,0.001,0,0,0,0.0,0.0,0.0
PER,2023Q2,14,"Mon, 13 Nov 2023 21:24:36 GMT",0.1.0,75654,48989,25855875.667,97.558,71.873,5.34,86.09,49.275,0.0,0.0,0.0,0.0,0.0,0.0,0.004,1.766,100.0,0.0,100.0,94.955,88.197,100.0,47.949,24.053,0.0,2,0.003,0,0,0,0.0,0.0,0.0
PER,2023Q3,14,"Thu, 16 Nov 2023 14:28:17 GMT",0.1.0,76717,49644,25963811.0,97.493,71.149,5.141,86.471,49.263,0.0,0.0,0.0,0.0,0.0,0.0,0.018,1.857,100.0,0.0,100.0,94.797,88.056,100.0,49.341,22.865,0.0,3,0.004,0,0,0,0.0,0.0,0.0
PER,2023Q4,14,"Mon, 19 Feb 2024 04:37:30 GMT",0.1.0,77062,49813,26071736.0,97.593,70.856,5.19,83.805,49.251,0.0,0.0,0.0,0.0,0.0,0.0,0.01,1.482,100.0,0.0,100.0,94.757,88.149,100.0,49.34,22.063,0.0,2,0.003,0,0,0,0.0,0.0,0.0
PER,2024Q1,14,"Thu, 16 May 2024 16:01:24 GMT",0.1.0,74248,47012,26159224.0,97.645,71.106,6.399,83.926,49.232,0.0,0.0,0.0,0.0,0.0,0.0,0.013,3.759,100.0,0.0,100.0,95.144,88.506,100.0,48.269,23.906,0.0,0,0.0,0,0,0,0.0,0.0,0.0
PER,2024Q2,14,"Wed, 21 Aug 2024 14:37:39 GMT",0.1.0,76081,49095,26237185.693,97.59,71.493,5.869,84.046,49.211,0.0,0.0,0.0,0.0,0.0,0.0,0.018,1.308,100.0,0.0,100.0,94.971,87.965,100.0,48.832,22.716,0.0,0,0.0,0,0,0,0.0,0.0,0.0
PER,2024Q3,14,"Wed, 20 Nov 2024 19:29:32 GMT",0.1.0,75379,48694,26315655.667,97.479,70.788,5.328,84.166,49.19,0.0,0.0,0.0,0.0,0.0,0.0,0.014,1.924,100.0,0.0,100.0,94.984,87.893,100.0,50.009,22.1,0.0,1,0.001,0,0,0,0.0,0.0,0.0
PER,2024Q4,14,"Mon, 03 Mar 2025 17:54:51 GMT",0.1.0,74221,48051,26394509.667,97.555,70.911,4.7,84.286,49.17,0.0,0.0,0.0,0.0,0.0,0.0,0.021,1.301,100.0,0.0,100.0,95.076,88.321,100.0,49.915,22.365,0.0,3,0.004,0,0,0,0.0,0.0,0.0
PER,2025Q1,14,2026-09-05T11:09:17+00:00,0.1.0,69104,44403,26473638.333,97.744,70.512,5.469,84.405,49.15,0.0,0.0,0.0,0.0,0.0,0.0,0.014,3.178,100.0,0.0,100.0,95.446,88.625,100.0,49.273,23.877,0.0,7,0.01,0,0,0,0.0,0.0,0.0
PER,2025Q2,14,"Mon, 01 Sep 2025 15:52:30 GMT",0.1.0,75750,49220,26553242.333,97.665,70.956,5.826,84.523,49.131,0.0,0.0,0.0,0.0,0.0,0.0,0.01,1.317,100.0,0.0,100.0,95.101,88.528,100.0,49.969,23.068,0.0,8,0.011,0,0,0,0.0,0.0,0.0
PER,2025Q3,14,"Tue, 18 Nov 2025 21:42:56 GMT",0.1.0,76883,50123,26642304.0,97.733,70.294,4.317,84.644,49.117,0.0,0.0,0.0,0.0,0.0,0.0,0.014,1.784,100.0,0.0,100.0,95.165,88.065,100.0,50.99,23.033,0.0,1,0.001,0,0,0,0.0,0.0,0.0
PER,2025Q4,14,"Tue, 24 Feb 2026 14:37:21 GMT",0.1.0,75604,49262,26736077.667,97.76,70.616,3.891,84.766,49.105,0.0,0.0,0.0,0.0,0.0,0.0,0.012,1.342,100.0,0.0,100.0,95.611,88.94,100.0,50.666,22.001,0.0,1,0.001,0,0,0,0.0,0.0,0.0
PER,2026Q1,14,"Mon, 25 May 2026 23:51:07 GMT",0.1.0,74652,48290,26830171.261,97.606,70.198,5.088,84.886,49.083,0.0,0.0,0.0,0.0,0.0,0.0,0.008,3.947,100.0,0.0,100.0,95.676,88.729,100.0,50.448,23.212,0.0,1,0.001,0,0,0,0.0,0.0,0.0
PER,2026Q2,14,"Mon, 24 Aug 2026 14:40:52 GMT",0.1.0,76362,49914,26925371.667,97.694,70.201,4.156,85.006,49.056,0.0,0.0,0.0,0.0,0.0,0.0,0.016,1.218,100.0,0.0,100.0,95.805,88.684,100.0,52.114,21.718,0.0,2,0.003,0,0,0,0.0,0.0,0.0
PHL,2021Q1,15,2026-09-06T17:47:31+00:00,0.1.0,185550,72645,107733619.548,69.368,60.498,8.767,51.49,50.608,0.0,0.0,0.0,0.0,0.0,0.0,45.117,0.49,100.0,100.0,100.0,,,,62.797,24.35,0.0,0,0.0,0,0,0,0.0,0.0,0.0
PHL,2021Q2,15,2026-09-06T17:47:31+00:00,0.1.0,185882,77257,107993229.637,69.421,63.234,8.728,52.762,50.59,0.0,0.0,0.0,0.0,0.0,0.0,45.879,1.749,100.0,100.0,100.0,,,,61.013,24.406,0.0,0,0.0,0,0,0,0.0,0.0,0.0
PHL,2021Q3,15,2026-09-06T17:47:31+00:00,0.1.0,739533,290405,108617307.857,69.578,59.412,7.192,50.892,50.589,0.0,0.0,0.0,0.0,0.0,0.0,40.974,0.593,100.0,100.0,100.0,,,,67.09,22.044,0.0,5,0.001,0,0,0,0.0,0.0,0.0
PHL,2021Q4,15,2026-09-06T17:47:31+00:00,0.1.0,184896,75989,108629005.861,69.564,62.627,7.404,51.665,50.67,0.0,0.0,0.0,0.0,0.0,0.0,44.196,0.907,100.0,100.0,100.0,,,,62.495,24.572,0.0,1,0.001,0,0,0,0.0,0.0,0.0
PHL,2022Q1,15,2026-09-06T17:47:31+00:00,0.1.0,728560,292971,109426632.54,69.77,60.535,6.388,51.823,50.555,0.0,0.0,0.0,0.0,0.0,0.0,43.59,0.435,100.0,100.0,100.0,,,,65.673,21.715,0.0,12,0.002,0,0,0,0.0,0.0,0.0
PHL,2022Q2,15,2026-09-06T17:47:31+00:00,0.1.0,181695,77506,109469182.01,69.767,63.364,5.71,52.745,50.579,0.0,0.0,0.0,0.0,0.0,0.0,43.853,0.935,100.0,100.0,100.0,,,,62.841,23.563,0.0,1,0.001,0,0,0,0.0,0.0,0.0
PHL,2022Q3,15,2026-09-06T17:47:31+00:00,0.1.0,181186,80622,109748773.019,69.831,65.232,5.205,52.186,50.569,0.0,0.0,0.0,0.0,0.0,0.0,43.539,0.949,100.0,100.0,100.0,,,,62.099,23.486,0.0,0,0.0,0,0,0,0.0,0.0,0.0
PHL,2022Q4,15,2026-09-06T17:47:31+00:00,0.1.0,180813,80230,109991837.698,69.886,64.14,4.543,52.577,50.641,0.0,0.0,0.0,0.0,0.0,0.0,44.116,0.927,100.0,100.0,100.0,,,,62.626,22.509,0.0,1,0.001,0,0,0,0.0,0.0,0.0
PHL,2023Q1,15,2026-09-06T17:47:31+00:00,0.1.0,181264,80829,110238530.661,69.943,64.497,4.782,53.641,50.587,0.0,0.0,0.0,0.0,0.0,0.0,43.512,1.584,100.0,100.0,100.0,,,,62.312,22.207,0.0,0,0.0,0,0,0,0.0,0.0,0.0
PHL,2023Q2,15,2026-09-06T17:47:32+00:00,0.1.0,178310,81016,110403610.058,69.98,65.123,4.484,52.284,50.6,0.0,0.0,0.0,0.0,0.0,0.0,44.039,1.343,100.0,100.0,100.0,,,,61.548,21.943,0.0,0,0.0,0,0,0,0.0,0.0,0.0
PHL,2023Q3,15,2026-09-06T17:47:32+00:00,0.1.0,709177,289359,111181798.533,70.182,60.035,4.886,53.031,50.529,0.0,0.0,0.0,0.0,0.0,0.0,39.543,0.4,100.0,100.0,100.0,,,,67.749,20.555,0.0,14,0.002,0,0,0,0.0,0.0,0.0
PHL,2023Q4,15,2026-09-06T17:47:32+00:00,0.1.0,176194,78691,111158378.771,70.17,63.946,4.189,,50.576,0.0,0.0,0.0,0.0,0.0,0.0,43.764,0.823,100.0,100.0,100.0,,,,63.074,22.144,0.0,0,0.0,0,0,0,0.0,0.0,0.0
PHL,2024Q1,15,2026-09-06T17:47:32+00:00,0.1.0,698660,292730,111796848.317,70.335,61.119,4.489,,50.515,0.0,0.0,0.0,0.0,0.0,0.0,39.715,0.374,100.0,100.0,100.0,,,,67.629,20.409,0.0,9,0.001,0,0,0,0.0,0.0,0.0
PHL,2024Q2,15,2026-09-06T17:47:32+00:00,0.1.0,172568,77325,111786064.447,70.329,64.102,4.05,,50.567,0.0,0.0,0.0,0.0,0.0,0.0,43.705,0.886,100.0,100.0,100.0,,,,63.62,20.263,0.0,1,0.001,0,0,0,0.0,0.0,0.0
PHL,2024Q3,15,2026-09-06T17:47:32+00:00,0.1.0,170467,75813,112065264.091,70.4,63.451,4.745,,50.539,0.0,0.0,0.0,0.0,0.0,0.0,44.912,0.529,100.0,100.0,100.0,,,,63.743,21.141,0.0,0,0.0,0,0,0,0.0,0.0,0.0
PHL,2024Q4,15,2026-09-06T17:47:32+00:00,0.1.0,169792,76205,112392165.92,70.486,63.27,3.922,,50.621,0.0,0.0,0.0,0.0,0.0,0.0,44.341,0.731,100.0,100.0,100.0,,,,63.844,21.153,0.0,0,0.0,0,0,0,0.0,0.0,0.0
PHL,2025Q1,15,2026-09-06T17:47:32+00:00,0.1.0,170134,77077,112487888.678,70.511,63.861,4.275,53.021,50.572,0.0,0.0,0.0,0.0,0.0,0.0,43.905,0.789,100.0,100.0,100.0,,,,63.017,21.124,0.0,1,0.001,0,0,0,0.0,0.0,0.0
PHL,2025Q2,15,2026-09-06T17:47:32+00:00,0.1.0,168863,76659,112761575.407,70.584,63.744,4.067,55.22,50.557,0.0,0.0,0.0,0.0,0.0,0.0,43.538,1.311,100.0,100.0,100.0,,,,63.19,20.585,0.0,0,0.0,0,0,0,0.0,0.0,0.0
PHL,2025Q4,15,2026-09-06T17:47:32+00:00,0.1.0,172050,77180,113659929.054,70.824,63.755,5.003,54.201,50.604,0.0,0.0,0.0,0.0,0.0,0.0,43.012,0.954,100.0,100.0,100.0,,,,64.282,21.442,0.0,0,0.0,0,0,0,0.0,0.0,0.0
URY,2021Q3,14,,0.1.0,23167,12184,2899605.0,98.265,63.278,9.621,94.336,47.889,0.0,0.0,0.0,0.295,0.386,0.0,100.0,0.0,48.194,0.0,100.0,99.226,99.21,99.554,71.115,8.38,0.0,0,0.0,0,0,0,0.0,0.0,0.0
URY,2021Q4,14,,0.1.0,52379,27915,2899567.667,98.319,63.587,7.44,94.729,47.899,0.0,0.0,0.0,0.57,0.727,0.0,100.0,0.0,76.941,0.0,100.0,99.187,99.164,99.09,71.091,7.815,0.0,0,0.0,0,0,0,0.0,0.0,0.024
URY,2022Q1,14,2026-09-07T23:24:23+00:00,0.1.0,59429,31477,2901528.333,98.234,63.2,7.447,94.751,47.903,0.0,0.0,0.0,0.048,0.016,0.003,100.0,0.003,80.443,0.0,100.0,99.925,99.925,99.982,71.464,7.818,0.0,0,0.0,0,0,0,0.0,0.0,0.0
URY,2022Q2,14,2026-09-07T23:24:57+00:00,0.1.0,59580,31336,2905335.667,98.322,62.716,8.047,94.382,47.91,0.0,0.0,0.0,0.01,0.048,0.0,100.0,0.0,80.843,0.0,100.0,99.96,99.953,99.943,71.47,8.463,0.0,0,0.0,0,0,0,0.0,0.0,0.0
URY,2022Q3,14,2026-09-07T23:25:39+00:00,0.1.0,60285,31705,2909327.333,98.403,62.642,8.086,93.851,47.918,0.0,0.0,0.0,0.05,0.06,0.076,100.0,0.076,80.628,0.0,100.0,99.882,99.882,99.937,71.607,8.849,0.0,0,0.0,0,0,0,0.0,0.0,0.0
URY,2022Q4,14,2026-09-07T23:26:13+00:00,0.1.0,60246,32148,2912940.667,98.368,63.408,7.815,94.126,47.924,0.0,0.0,0.0,0.016,0.022,0.0,100.0,0.0,80.319,0.0,100.0,99.972,99.961,99.971,71.689,8.39,0.0,0,0.0,0,0,0,0.0,0.0,0.0
URY,2023Q1,14,2026-09-07T23:21:17+00:00,0.1.0,58216,31218,2916728.333,98.454,63.717,8.411,94.475,47.93,0.0,0.0,0.0,0.0,0.0,0.016,100.0,0.019,79.672,0.0,100.0,99.997,99.994,100.0,72.029,8.117,0.0,0,0.0,0,0,0,0.0,0.0,0.0
URY,2023Q2,14,2026-09-07T23:21:49+00:00,0.1.0,59605,32007,2920245.667,98.415,64.263,8.566,94.412,47.939,0.0,0.0,0.0,0.003,0.003,0.019,100.0,0.019,80.126,0.0,100.0,99.997,99.997,99.997,71.811,8.485,0.0,0,0.0,0,0,0,0.0,0.0,0.0
URY,2023Q3,14,2026-09-07T23:22:27+00:00,0.1.0,61390,33289,2923876.333,98.483,64.591,8.105,94.239,47.943,0.0,0.0,0.0,0.0,0.021,0.015,100.0,0.015,80.252,0.003,100.0,99.996,99.996,99.979,71.397,8.373,0.0,0,0.0,0,0,0,0.0,0.0,0.0
URY,2023Q4,14,2026-09-07T23:23:01+00:00,0.1.0,60429,33145,2927430.333,98.478,64.855,8.234,94.256,47.956,0.0,0.0,0.0,0.0,0.012,0.021,100.0,0.021,80.712,0.0,100.0,99.975,99.975,99.989,71.382,8.001,0.0,0,0.0,0,0,0,0.0,0.0,0.0
URY,2024Q1,14,2026-09-07T23:17:55+00:00,0.1.0,61812,34247,2931049.333,98.393,65.262,8.614,94.245,47.961,0.0,0.0,0.0,0.006,0.015,0.047,100.0,0.047,80.559,0.0,100.0,99.97,99.967,99.987,71.058,7.874,0.0,0,0.0,0,0,0,0.0,0.0,0.0
URY,2024Q2,14,2026-09-07T23:18:42+00:00,0.1.0,59367,32547,2934499.667,98.479,64.932,8.55,94.331,47.963,0.0,0.0,0.0,0.0,0.0,0.055,100.0,0.061,80.901,0.0,100.0,99.952,99.952,100.0,71.327,8.236,0.0,0,0.0,0,0,0,0.0,0.0,0.0
URY,2024Q3,14,2026-09-07T23:19:19+00:00,0.1.0,59636,32808,2938142.0,98.448,65.472,8.272,94.297,47.966,0.0,0.0,0.0,0.0,0.0,0.04,100.0,0.04,79.621,0.0,100.0,99.981,99.978,100.0,71.596,7.753,0.0,0,0.0,0,0,0,0.0,0.0,0.0
URY,2024Q4,14,2026-09-07T23:19:53+00:00,0.1.0,60448,33573,2941619.333,98.394,65.535,7.296,94.303,47.978,0.0,0.0,0.0,0.0,0.0,0.051,100.0,0.051,80.568,0.0,100.0,99.966,99.966,100.0,71.653,7.533,0.0,0,0.0,0,0,0,0.0,0.0,0.0
URY,2025Q1,14,2026-09-07T23:14:06+00:00,0.1.0,62780,34459,2945074.667,98.477,65.525,8.011,94.394,47.99,0.0,0.0,0.0,0.0,0.0,0.078,100.0,0.078,80.771,0.0,100.0,99.94,99.937,100.0,70.785,7.554,0.0,0,0.0,0,0,0,0.0,0.0,0.0
URY,2025Q2,14,2026-09-07T23:15:27+00:00,0.1.0,60666,32822,2948540.333,98.496,65.353,7.689,94.28,47.999,0.0,0.0,0.0,0.0,0.0,0.046,100.0,0.049,80.492,0.0,100.0,99.964,99.956,100.0,70.765,7.866,0.0,0,0.0,0,0,0,0.0,0.0,0.0
URY,2025Q3,14,2026-09-07T23:15:59+00:00,0.1.0,56949,31082,2951930.0,98.486,65.279,6.928,93.818,48.006,0.0,0.0,0.0,0.0,0.0,0.003,100.0,0.013,79.12,0.0,100.0,99.986,99.986,100.0,70.41,8.404,0.0,0,0.0,0,0,0,0.0,0.0,0.0
URY,2025Q4,14,2026-09-07T23:16:30+00:00,0.1.0,57389,31765,2955427.667,98.577,65.57,7.18,94.144,48.012,0.0,0.0,0.0,0.028,0.0,0.003,100.0,0.025,79.424,0.0,100.0,99.98,99.978,100.0,70.561,7.861,0.0,0,0.0,0,0,0,0.0,0.0,0.0
ZAF,2022Q1,15,2026-09-06T16:25:12+00:00,0.1.0,49808,10598,59245101.892,73.937,52.406,34.292,65.643,48.939,0.0,0.0,0.783,1.463,0.019,0.0,100.0,1.953,0.481,18.277,16.446,94.224,72.572,,82.947,5.658,0.0,0,0.0,0,0,0,,0.0,0.0
ZAF,2022Q2,15,2026-09-06T16:25:12+00:00,0.1.0,57244,13166,59427633.514,74.017,54.078,33.644,65.362,48.938,0.0,0.0,1.016,1.306,0.0,0.0,100.0,1.61,0.395,18.988,16.657,94.146,70.961,,83.364,5.638,0.0,0,0.0,0,0,0,,0.0,0.0
ZAF,2022Q3,15,2026-09-06T16:25:13+00:00,0.1.0,62765,14829,59609481.574,74.099,53.62,32.652,65.315,48.937,0.0,0.0,1.095,1.463,0.027,0.0,100.0,2.576,0.418,19.981,17.641,94.083,71.77,,82.491,5.567,0.0,0,0.0,0,0,0,,0.0,0.0
ZAF,2022Q4,15,2026-09-06T16:25:13+00:00,0.1.0,65116,15502,59786741.892,74.18,53.863,32.501,65.191,48.935,0.0,0.0,1.118,1.606,0.039,0.0,100.0,1.638,0.316,19.036,16.727,94.222,72.397,,83.434,5.487,0.0,0,0.0,0,0,0,,0.0,0.0
ZAF,2023Q1,15,2026-09-06T16:25:13+00:00,0.1.0,65327,15915,59965005.165,74.261,54.692,32.615,65.364,48.934,0.0,0.0,1.114,1.382,0.019,0.0,100.0,2.124,0.496,19.353,17.116,93.526,71.172,,82.791,5.518,0.0,0,0.0,0,0,0,,0.0,0.0
ZAF,2023Q2,15,2026-09-06T16:25:13+00:00,0.1.0,66628,16448,60144261.454,74.342,54.797,32.378,65.293,48.932,0.0,0.0,1.072,1.611,0.03,0.0,100.0,1.958,0.486,19.309,16.987,93.257,70.436,,83.163,5.519,0.0,0,0.0,0,0,0,,0.0,0.0
ZAF,2023Q3,15,2026-09-06T16:25:13+00:00,0.1.0,66054,16630,60321549.315,74.423,55.328,31.622,65.933,48.93,0.0,0.0,1.056,2.063,0.03,0.0,100.0,2.616,0.541,17.691,15.616,92.731,68.707,,84.996,5.728,0.0,0,0.0,0,0,0,,0.0,0.0
ZAF,2023Q4,15,2026-09-06T16:25:13+00:00,0.1.0,66486,16649,60492952.199,74.504,55.223,31.752,65.804,48.929,0.0,0.0,1.297,1.7,0.03,0.0,100.0,1.838,0.138,19.256,16.668,93.261,70.549,,83.754,5.569,0.0,0,0.0,0,0,0,,0.0,0.0
ZAF,2024Q1,15,2026-09-06T16:25:13+00:00,0.1.0,66879,16713,60666176.475,74.584,55.774,32.625,65.752,48.927,0.0,0.0,1.243,1.903,0.012,0.0,100.0,2.441,0.359,18.812,16.556,92.889,71.337,,83.692,5.663,0.0,0,0.0,0,0,0,,0.0,0.0
ZAF,2024Q2,15,2026-09-06T16:36:38+00:00,0.1.0,66546,16516,60840279.241,74.665,55.706,33.187,65.705,48.926,0.0,0.0,1.238,2.131,0.042,0.0,100.0,1.98,0.418,19.218,17.202,92.836,72.098,,83.031,5.397,0.0,0,0.0,0,0,0,,0.0,0.0
ZAF,2024Q3,15,2026-09-06T16:25:13+00:00,0.1.0,66405,16694,61011108.608,74.746,55.366,31.765,65.631,48.925,0.0,0.0,1.267,1.731,0.0,0.0,100.0,2.192,0.479,19.911,18.12,93.716,70.801,,82.168,5.522,0.0,0,0.0,0,0,0,,0.0,0.0
ZAF,2024Q4,15,2026-09-06T16:25:13+00:00,0.1.0,66165,16754,61175877.086,74.825,55.417,31.518,65.657,48.924,0.0,0.0,1.327,1.797,0.0,0.0,100.0,1.856,0.292,20.353,18.252,93.554,70.571,,81.973,5.416,0.0,0,0.0,0,0,0,,0.0,0.0
ZAF,2025Q1,15,2026-09-06T16:25:13+00:00,0.1.0,66429,16401,61341427.423,74.904,55.065,32.586,65.427,48.923,0.0,0.0,1.433,1.726,0.0,0.0,100.0,2.341,0.451,20.657,18.42,93.676,70.821,,81.617,5.547,0.0,0,0.0,0,0,0,,0.0,0.0
ZAF,2025Q2,15,2026-09-06T16:25:13+00:00,0.1.0,65443,16195,61507746.79,74.983,55.167,32.962,65.197,48.922,0.0,0.0,1.358,1.698,0.0,0.0,100.0,2.149,0.587,20.673,18.469,93.257,71.242,,81.863,5.385,0.0,0,0.0,0,0,0,,0.0,0.0
ZAF,2025Q3,15,2026-09-06T16:25:13+00:00,0.1.0,63426,16006,61671630.744,75.059,54.703,31.734,65.147,48.921,0.0,0.0,1.352,1.781,0.05,0.0,100.0,2.462,0.544,20.449,17.875,93.518,70.504,,82.165,5.412,0.0,0,0.0,0,0,0,,0.0,0.0
ZAF,2025Q4,15,2026-09-06T16:25:13+00:00,0.1.0,63264,15839,61829594.834,75.131,54.18,31.188,65.204,48.92,0.0,0.0,1.29,2.02,0.038,0.0,100.0,1.736,0.316,19.585,17.204,93.36,70.882,,82.994,5.605,0.0,0,0.0,0,0,0,,0.0,0.0
ZAF,2026Q1,15,2026-09-06T16:25:13+00:00,0.1.0,62819,15567,61988388.788,75.203,53.874,32.467,64.658,48.92,0.0,0.0,1.238,1.632,0.039,0.0,100.0,2.158,0.34,19.907,17.711,93.448,71.035,,82.136,5.758,0.0,0,0.0,0,0,0,,0.0,0.0
ZAF,2026Q2,15,2026-09-06T16:25:13+00:00,0.1.0,61977,15234,62148000.493,75.274,54.375,33.425,64.996,48.92,0.0,0.0,1.348,1.68,0.02,0.0,100.0,1.628,0.486,20.192,17.769,93.833,70.916,,82.151,5.721,0.0,0,0.0,0,0,0,,0.0,0.0
