countrycode,period,variable,category,share,d_prev,d_next,flag
COL,2022Q1,educat7,1,9.695805201405639,,0.07629118485769837,
COL,2022Q2,educat7,1,9.772096386263337,0.07629118485769837,0.5095075503482374,
COL,2022Q3,educat7,1,10.281603936611575,0.5095075503482374,-0.2178224603276142,
COL,2022Q4,educat7,1,10.06378147628396,-0.2178224603276142,-0.4804827272666241,
COL,2023Q1,educat7,1,9.583298749017336,-0.4804827272666241,0.054851386848300265,
COL,2023Q2,educat7,1,9.638150135865637,0.054851386848300265,0.19379698079372787,
COL,2023Q3,educat7,1,9.831947116659364,0.19379698079372787,0.0028679477836117684,
COL,2023Q4,educat7,1,9.834815064442976,0.0028679477836117684,-0.44335157128505287,
COL,2024Q1,educat7,1,9.391463493157923,-0.44335157128505287,0.06432246424105159,
COL,2024Q2,educat7,1,9.455785957398975,0.06432246424105159,0.2386076202731875,
COL,2024Q3,educat7,1,9.694393577672162,0.2386076202731875,-0.278985655719703,
COL,2024Q4,educat7,1,9.41540792195246,-0.278985655719703,-0.24597039326710046,
COL,2025Q1,educat7,1,9.169437528685359,-0.24597039326710046,-0.041313215147519955,
COL,2025Q2,educat7,1,9.128124313537839,-0.041313215147519955,0.4662994858044254,
COL,2025Q3,educat7,1,9.594423799342264,0.4662994858044254,-0.543709686232356,
COL,2025Q4,educat7,1,9.050714113109908,-0.543709686232356,-0.45735751619303144,
COL,2026Q1,educat7,1,8.593356596916877,-0.45735751619303144,0.40406163086168334,
COL,2026Q2,educat7,1,8.99741822777856,0.40406163086168334,,
COL,2022Q1,educat7,2,14.813469596553798,,-0.1560314418187545,
COL,2022Q2,educat7,2,14.657438154735043,-0.1560314418187545,0.410815265492948,
COL,2022Q3,educat7,2,15.068253420227991,0.410815265492948,-0.04905189301078394,
COL,2022Q4,educat7,2,15.019201527217207,-0.04905189301078394,-0.32329977174649827,
COL,2023Q1,educat7,2,14.69590175547071,-0.32329977174649827,0.1389491892178274,
COL,2023Q2,educat7,2,14.834850944688537,0.1389491892178274,-0.014919644901846496,
COL,2023Q3,educat7,2,14.81993129978669,-0.014919644901846496,-0.25816378679427565,
COL,2023Q4,educat7,2,14.561767512992414,-0.25816378679427565,-0.21628751341546426,
COL,2024Q1,educat7,2,14.34547999957695,-0.21628751341546426,0.24924936085605331,
COL,2024Q2,educat7,2,14.594729360433004,0.24924936085605331,0.05000726526859367,
COL,2024Q3,educat7,2,14.644736625701597,0.05000726526859367,-0.09775911364256196,
COL,2024Q4,educat7,2,14.546977512059035,-0.09775911364256196,-0.25411415724623687,
COL,2025Q1,educat7,2,14.292863354812798,-0.25411415724623687,0.32045541189263815,
COL,2025Q2,educat7,2,14.613318766705437,0.32045541189263815,-0.20644296133695583,
COL,2025Q3,educat7,2,14.40687580536848,-0.20644296133695583,0.13464277960731508,
COL,2025Q4,educat7,2,14.541518584975796,0.13464277960731508,-0.161008684520354,
COL,2026Q1,educat7,2,14.380509900455442,-0.161008684520354,-0.34105263766350546,
COL,2026Q2,educat7,2,14.039457262791936,-0.34105263766350546,,
COL,2022Q1,educat7,3,9.736390918710812,,-0.5274387372525382,
COL,2022Q2,educat7,3,9.208952181458274,-0.5274387372525382,0.027037095055760574,
COL,2022Q3,educat7,3,9.235989276514035,0.027037095055760574,0.16085945031566595,
COL,2022Q4,educat7,3,9.3968487268297,0.16085945031566595,-0.0895700878338701,
COL,2023Q1,educat7,3,9.30727863899583,-0.0895700878338701,-0.3022150529514285,
COL,2023Q2,educat7,3,9.005063586044402,-0.3022150529514285,-0.22750409718858222,
COL,2023Q3,educat7,3,8.77755948885582,-0.22750409718858222,0.41179944550481373,
COL,2023Q4,educat7,3,9.189358934360634,0.41179944550481373,-0.23072826506652078,
COL,2024Q1,educat7,3,8.958630669294113,-0.23072826506652078,-0.30651220371121113,
COL,2024Q2,educat7,3,8.652118465582902,-0.30651220371121113,0.16088945974756186,
COL,2024Q3,educat7,3,8.813007925330464,0.16088945974756186,0.44799797312253453,
COL,2024Q4,educat7,3,9.261005898452998,0.44799797312253453,-0.05454350161078558,
COL,2025Q1,educat7,3,9.206462396842213,-0.05454350161078558,-0.4116553859425096,
COL,2025Q2,educat7,3,8.794807010899703,-0.4116553859425096,0.09688813669164986,
COL,2025Q3,educat7,3,8.891695147591353,0.09688813669164986,0.34418733432206317,
COL,2025Q4,educat7,3,9.235882481913416,0.34418733432206317,-0.591031545512223,
COL,2026Q1,educat7,3,8.644850936401193,-0.591031545512223,-0.3482060238028435,
COL,2026Q2,educat7,3,8.29664491259835,-0.3482060238028435,,
COL,2022Q1,educat7,4,19.669204818031293,,0.08650880267779115,
COL,2022Q2,educat7,4,19.755713620709084,0.08650880267779115,-0.4189826080581831,
COL,2022Q3,educat7,4,19.3367310126509,-0.4189826080581831,-0.006406862481298958,
COL,2022Q4,educat7,4,19.330324150169602,-0.006406862481298958,0.32778084665697094,
COL,2023Q1,educat7,4,19.658104996826573,0.32778084665697094,-0.4512791721323133,
COL,2023Q2,educat7,4,19.20682582469426,-0.4512791721323133,0.02183718753666497,
COL,2023Q3,educat7,4,19.228663012230925,0.02183718753666497,-0.2629233781686402,
COL,2023Q4,educat7,4,18.965739634062285,-0.2629233781686402,0.519836870455535,
COL,2024Q1,educat7,4,19.48557650451782,0.519836870455535,-0.4133144633369348,
COL,2024Q2,educat7,4,19.072262041180885,-0.4133144633369348,-0.43310367339423195,
COL,2024Q3,educat7,4,18.639158367786653,-0.43310367339423195,-0.26101324821856053,
COL,2024Q4,educat7,4,18.378145119568092,-0.26101324821856053,0.22814804472663042,
COL,2025Q1,educat7,4,18.606293164294723,0.22814804472663042,-0.24969616864143518,
COL,2025Q2,educat7,4,18.356596995653288,-0.24969616864143518,-0.15768976648706,
COL,2025Q3,educat7,4,18.198907229166227,-0.15768976648706,0.12533716110874593,
COL,2025Q4,educat7,4,18.324244390274973,0.12533716110874593,0.05984531845770391,
COL,2026Q1,educat7,4,18.384089708732677,0.05984531845770391,-0.25172912732312724,
COL,2026Q2,educat7,4,18.13236058140955,-0.25172912732312724,,
COL,2022Q1,educat7,5,24.57912275657078,,-0.01517024591988303,
COL,2022Q2,educat7,5,24.563952510650896,-0.01517024591988303,-0.6849237655337532,
COL,2022Q3,educat7,5,23.879028745117143,-0.6849237655337532,0.7724874623695186,
COL,2022Q4,educat7,5,24.65151620748666,0.7724874623695186,0.20108498444673018,
COL,2023Q1,educat7,5,24.852601191933392,0.20108498444673018,-0.19430050675064692,
COL,2023Q2,educat7,5,24.658300685182745,-0.19430050675064692,-0.1531225371106757,
COL,2023Q3,educat7,5,24.50517814807207,-0.1531225371106757,0.5845224386310015,
COL,2023Q4,educat7,5,25.08970058670307,0.5845224386310015,0.34916551922262684,
COL,2024Q1,educat7,5,25.438866105925698,0.34916551922262684,-0.08298192427366402,
COL,2024Q2,educat7,5,25.355884181652034,-0.08298192427366402,-0.06671570571812069,
COL,2024Q3,educat7,5,25.289168475933913,-0.06671570571812069,0.6149357985037796,
COL,2024Q4,educat7,5,25.904104274437692,0.6149357985037796,0.5487258310609704,
COL,2025Q1,educat7,5,26.452830105498663,0.5487258310609704,-0.7163363134733416,
COL,2025Q2,educat7,5,25.73649379202532,-0.7163363134733416,-0.1207476780140837,
COL,2025Q3,educat7,5,25.615746114011237,-0.1207476780140837,0.3444813088136165,
COL,2025Q4,educat7,5,25.960227422824854,0.3444813088136165,-0.37516531072319026,
COL,2026Q1,educat7,5,25.585062112101664,-0.37516531072319026,0.6939802672088469,
COL,2026Q2,educat7,5,26.27904237931051,0.6939802672088469,,
COL,2022Q1,educat7,6,8.248177556333129,,0.2297621677182331,
COL,2022Q2,educat7,6,8.477939724051362,0.2297621677182331,-0.05923077261789267,
COL,2022Q3,educat7,6,8.41870895143347,-0.05923077261789267,-0.4483857394919255,
COL,2022Q4,educat7,6,7.970323211941544,-0.4483857394919255,0.30613677564060815,
COL,2023Q1,educat7,6,8.276459987582152,0.30613677564060815,0.5604423840145234,
COL,2023Q2,educat7,6,8.836902371596675,0.5604423840145234,-0.15580990371844372,
COL,2023Q3,educat7,6,8.681092467878232,-0.15580990371844372,-0.3451284983975178,
COL,2023Q4,educat7,6,8.335963969480714,-0.3451284983975178,0.3219527245413598,
COL,2024Q1,educat7,6,8.657916694022074,0.3219527245413598,-0.026904317058074056,
COL,2024Q2,educat7,6,8.631012376964,-0.026904317058074056,0.004628876792207137,
COL,2024Q3,educat7,6,8.635641253756207,0.004628876792207137,-0.20851470577535913,
COL,2024Q4,educat7,6,8.427126547980848,-0.20851470577535913,0.23515116210536036,
COL,2025Q1,educat7,6,8.662277710086208,0.23515116210536036,0.38158536341054194,
COL,2025Q2,educat7,6,9.04386307349675,0.38158536341054194,-0.13941825009749387,
COL,2025Q3,educat7,6,8.904444823399256,-0.13941825009749387,-0.15476698456329707,
COL,2025Q4,educat7,6,8.749677838835959,-0.15476698456329707,0.254951353086712,
COL,2026Q1,educat7,6,9.004629191922671,0.254951353086712,0.10784846294746409,
COL,2026Q2,educat7,6,9.112477654870135,0.10784846294746409,,
COL,2022Q1,educat7,7,13.25782915239453,,0.3060782697374673,
COL,2022Q2,educat7,7,13.563907422131997,0.3060782697374673,0.21577723531289195,
COL,2022Q3,educat7,7,13.77968465744489,0.21577723531289195,-0.21167995737356904,
COL,2022Q4,educat7,7,13.56800470007132,-0.21167995737356904,0.058349980102690324,
COL,2023Q1,educat7,7,13.62635468017401,0.058349980102690324,0.1935517717537234,
COL,2023Q2,educat7,7,13.819906451927734,0.1935517717537234,0.3357220145891784,
COL,2023Q3,educat7,7,14.155628466516912,0.3357220145891784,-0.13297416855901467,
COL,2023Q4,educat7,7,14.022654297957898,-0.13297416855901467,-0.30058776445247837,
COL,2024Q1,educat7,7,13.72206653350542,-0.30058776445247837,0.5161410832827862,
COL,2024Q2,educat7,7,14.238207616788205,0.5161410832827862,0.04568615703080248,
COL,2024Q3,educat7,7,14.283893773819008,0.04568615703080248,-0.21666104827013655,
COL,2024Q4,educat7,7,14.067232725548871,-0.21666104827013655,-0.4573969857688134,
COL,2025Q1,educat7,7,13.609835739780058,-0.4573969857688134,0.7169603079015907,
COL,2025Q2,educat7,7,14.326796047681649,0.7169603079015907,0.06111103343952884,
COL,2025Q3,educat7,7,14.387907081121178,0.06111103343952884,-0.25017191305608755,
COL,2025Q4,educat7,7,14.13773516806509,-0.25017191305608755,1.2697663854043775,
COL,2026Q1,educat7,7,15.407501553469467,1.2697663854043775,-0.2649025722285163,
COL,2026Q2,educat7,7,15.142598981240951,-0.2649025722285163,,
COL,2022Q1,empstat,1,49.40896107870291,,0.5742373074932345,
COL,2022Q2,empstat,1,49.98319838619614,0.5742373074932345,-0.43476094563865075,
COL,2022Q3,empstat,1,49.54843744055749,-0.43476094563865075,0.7402218521323505,
COL,2022Q4,empstat,1,50.28865929268984,0.7402218521323505,0.07313550487579334,
COL,2023Q1,empstat,1,50.361794797565636,0.07313550487579334,0.4053780153128912,
COL,2023Q2,empstat,1,50.76717281287853,0.4053780153128912,-0.6805507927236292,
COL,2023Q3,empstat,1,50.0866220201549,-0.6805507927236292,0.2977437986451861,
COL,2023Q4,empstat,1,50.384365818800084,0.2977437986451861,0.6723560112460731,
COL,2024Q1,empstat,1,51.05672183004616,0.6723560112460731,0.6554952820809774,
COL,2024Q2,empstat,1,51.712217112127135,0.6554952820809774,-1.0873387872850913,
COL,2024Q3,empstat,1,50.624878324842044,-1.0873387872850913,0.13959420350994378,
COL,2024Q4,empstat,1,50.76447252835199,0.13959420350994378,-0.46854389837700694,
COL,2025Q1,empstat,1,50.29592862997498,-0.46854389837700694,0.9559690072794425,
COL,2025Q2,empstat,1,51.25189763725442,0.9559690072794425,0.2587889204500442,
COL,2025Q3,empstat,1,51.51068655770447,0.2587889204500442,-0.34190076609802134,
COL,2025Q4,empstat,1,51.168785791606446,-0.34190076609802134,-0.7660687609085741,
COL,2026Q1,empstat,1,50.40271703069787,-0.7660687609085741,0.9838608066269856,
COL,2026Q2,empstat,1,51.38657783732486,0.9838608066269856,,
COL,2022Q1,empstat,2,5.430779337014809,,-0.41768774986323454,
COL,2022Q2,empstat,2,5.013091587151575,-0.41768774986323454,-0.10853701591178488,
COL,2022Q3,empstat,2,4.90455457123979,-0.10853701591178488,0.19091298635734955,
COL,2022Q4,empstat,2,5.095467557597139,0.19091298635734955,0.08146041719685737,
COL,2023Q1,empstat,2,5.176927974793997,0.08146041719685737,-0.35412409080703977,
COL,2023Q2,empstat,2,4.822803883986957,-0.35412409080703977,0.20227890619475897,
COL,2023Q3,empstat,2,5.025082790181716,0.20227890619475897,0.22688143265366545,
COL,2023Q4,empstat,2,5.251964222835381,0.22688143265366545,0.31700131334023496,
COL,2024Q1,empstat,2,5.568965536175616,0.31700131334023496,-0.3514284000256307,
COL,2024Q2,empstat,2,5.217537136149986,-0.3514284000256307,-0.033935993993437386,
COL,2024Q3,empstat,2,5.183601142156548,-0.033935993993437386,-0.1606254527458102,
COL,2024Q4,empstat,2,5.022975689410738,-0.1606254527458102,0.3534884772563185,
COL,2025Q1,empstat,2,5.3764641666670565,0.3534884772563185,-0.3404999342819872,
COL,2025Q2,empstat,2,5.035964232385069,-0.3404999342819872,0.029361893465869926,
COL,2025Q3,empstat,2,5.065326125850939,0.029361893465869926,0.2468651473857415,
COL,2025Q4,empstat,2,5.312191273236681,0.2468651473857415,-0.18619444428596132,
COL,2026Q1,empstat,2,5.125996828950719,-0.18619444428596132,-0.1595990789724855,
COL,2026Q2,empstat,2,4.966397749978234,-0.1595990789724855,,
COL,2022Q1,empstat,3,2.7071440630220307,,0.07968248362232444,
COL,2022Q2,empstat,3,2.786826546644355,0.07968248362232444,0.18692486384627838,
COL,2022Q3,empstat,3,2.9737514104906335,0.18692486384627838,0.062094998491106335,
COL,2022Q4,empstat,3,3.03584640898174,0.062094998491106335,-0.28089183526612205,
COL,2023Q1,empstat,3,2.754954573715618,-0.28089183526612205,0.040207902184767885,
COL,2023Q2,empstat,3,2.7951624759003857,0.040207902184767885,0.11541146877658193,
COL,2023Q3,empstat,3,2.9105739446769676,0.11541146877658193,-0.19577973357945666,
COL,2023Q4,empstat,3,2.714794211097511,-0.19577973357945666,-0.11856894882010094,
COL,2024Q1,empstat,3,2.59622526227741,-0.11856894882010094,0.14842061939960915,
COL,2024Q2,empstat,3,2.744645881677019,0.14842061939960915,-0.16526571333105666,
COL,2024Q3,empstat,3,2.5793801683459625,-0.16526571333105666,0.08703373068903764,
COL,2024Q4,empstat,3,2.666413899035,0.08703373068903764,-0.1514635199110561,
COL,2025Q1,empstat,3,2.514950379123944,-0.1514635199110561,-0.14335493618750972,
COL,2025Q2,empstat,3,2.3715954429364343,-0.14335493618750972,-0.051873720790279965,
COL,2025Q3,empstat,3,2.3197217221461544,-0.051873720790279965,0.2396533837755519,
COL,2025Q4,empstat,3,2.5593751059217063,0.2396533837755519,0.2636046213107064,
COL,2026Q1,empstat,3,2.8229797272324126,0.2636046213107064,-0.27715639058065644,
COL,2026Q2,empstat,3,2.545823336651756,-0.27715639058065644,,
COL,2022Q1,empstat,4,42.45311552126024,,-0.23623204125229336,
COL,2022Q2,empstat,4,42.216883480007944,-0.23623204125229336,0.35637309770412173,
COL,2022Q3,empstat,4,42.573256577712066,0.35637309770412173,-0.9932298369807881,
COL,2022Q4,empstat,4,41.58002674073128,-0.9932298369807881,0.12629591319347355,
COL,2023Q1,empstat,4,41.70632265392475,0.12629591319347355,-0.09146182669061886,
COL,2023Q2,empstat,4,41.61486082723413,-0.09146182669061886,0.3628604177522803,
COL,2023Q3,empstat,4,41.97772124498641,0.3628604177522803,-0.3288454977193851,
COL,2023Q4,empstat,4,41.64887574726703,-0.3288454977193851,-0.8707883757662245,
COL,2024Q1,empstat,4,40.7780873715008,-0.8707883757662245,-0.45248750145494654,
COL,2024Q2,empstat,4,40.325599870045856,-0.45248750145494654,1.2865404946095822,
COL,2024Q3,empstat,4,41.61214036465544,1.2865404946095822,-0.0660024814531539,
COL,2024Q4,empstat,4,41.546137883202285,-0.0660024814531539,0.2665189410317339,
COL,2025Q1,empstat,4,41.81265682423402,0.2665189410317339,-0.4721141368099282,
COL,2025Q2,empstat,4,41.34054268742409,-0.4721141368099282,-0.2362770931256577,
COL,2025Q3,empstat,4,41.10426559429843,-0.2362770931256577,-0.1446177650632663,
COL,2025Q4,empstat,4,40.959647829235166,-0.1446177650632663,0.6886585838838357,
COL,2026Q1,empstat,4,41.648306413119,0.6886585838838357,-0.5471053370738517,
COL,2026Q2,empstat,4,41.10120107604515,-0.5471053370738517,,
COL,2022Q1,industrycat10,1,14.704136492000792,,0.2500863239500699,
COL,2022Q2,industrycat10,1,14.954222815950862,0.2500863239500699,-0.4307739730502078,
COL,2022Q3,industrycat10,1,14.523448842900654,-0.4307739730502078,-0.16151699318608514,
COL,2022Q4,industrycat10,1,14.36193184971457,-0.16151699318608514,0.26735970962763567,
COL,2023Q1,industrycat10,1,14.629291559342205,0.26735970962763567,-0.03482994317458399,
COL,2023Q2,industrycat10,1,14.59446161616762,-0.03482994317458399,-0.46368915782646525,
COL,2023Q3,industrycat10,1,14.130772458341156,-0.46368915782646525,0.10762594320187091,
COL,2023Q4,industrycat10,1,14.238398401543026,0.10762594320187091,0.25509284955745315,
COL,2024Q1,industrycat10,1,14.49349125110048,0.25509284955745315,-0.1603468802254433,
COL,2024Q2,industrycat10,1,14.333144370875036,-0.1603468802254433,0.011531537605101505,
COL,2024Q3,industrycat10,1,14.344675908480138,0.011531537605101505,-0.487366057982463,
COL,2024Q4,industrycat10,1,13.857309850497675,-0.487366057982463,0.7871759665658953,
COL,2025Q1,industrycat10,1,14.64448581706357,0.7871759665658953,-0.5482343099100611,
COL,2025Q2,industrycat10,1,14.096251507153509,-0.5482343099100611,-0.19790596577433028,
COL,2025Q3,industrycat10,1,13.898345541379179,-0.19790596577433028,0.31496253346693237,
COL,2025Q4,industrycat10,1,14.213308074846111,0.31496253346693237,-0.7379700264052431,
COL,2026Q1,industrycat10,1,13.475338048440868,-0.7379700264052431,0.09758155017032522,
COL,2026Q2,industrycat10,1,13.572919598611193,0.09758155017032522,,
COL,2022Q1,industrycat10,10,16.79210764631508,,0.5472854564071987,
COL,2022Q2,industrycat10,10,17.33939310272228,0.5472854564071987,-0.40416087266217815,
COL,2022Q3,industrycat10,10,16.9352322300601,-0.40416087266217815,0.5808090247800628,
COL,2022Q4,industrycat10,10,17.516041254840164,0.5808090247800628,-0.6410809340193175,
COL,2023Q1,industrycat10,10,16.874960320820847,-0.6410809340193175,0.31182511408921343,
COL,2023Q2,industrycat10,10,17.18678543491006,0.31182511408921343,0.16171575340789346,
COL,2023Q3,industrycat10,10,17.348501188317954,0.16171575340789346,-0.27285214528439994,
COL,2023Q4,industrycat10,10,17.075649043033554,-0.27285214528439994,0.17354357398619769,
COL,2024Q1,industrycat10,10,17.24919261701975,0.17354357398619769,-0.02448758323396305,
COL,2024Q2,industrycat10,10,17.22470503378579,-0.02448758323396305,0.31806650985518914,
COL,2024Q3,industrycat10,10,17.542771543640978,0.31806650985518914,-0.26070710835104904,
COL,2024Q4,industrycat10,10,17.28206443528993,-0.26070710835104904,-0.5714833808994229,
COL,2025Q1,industrycat10,10,16.710581054390506,-0.5714833808994229,0.4141549840496843,
COL,2025Q2,industrycat10,10,17.12473603844019,0.4141549840496843,0.04626869949216683,
COL,2025Q3,industrycat10,10,17.171004737932357,0.04626869949216683,-0.21508016434562904,
COL,2025Q4,industrycat10,10,16.955924573586728,-0.21508016434562904,0.21643548452382078,
COL,2026Q1,industrycat10,10,17.17236005811055,0.21643548452382078,0.22753720482568696,
COL,2026Q2,industrycat10,10,17.399897262936236,0.22753720482568696,,
COL,2022Q1,industrycat10,2,1.160919140207947,,0.12337707374724327,
COL,2022Q2,industrycat10,2,1.2842962139551903,0.12337707374724327,-0.19275095814885645,
COL,2022Q3,industrycat10,2,1.0915452558063339,-0.19275095814885645,0.48085818043322703,
COL,2022Q4,industrycat10,2,1.572403436239561,0.48085818043322703,-0.573913312746798,
COL,2023Q1,industrycat10,2,0.9984901234927629,-0.573913312746798,0.2133155154165295,
COL,2023Q2,industrycat10,2,1.2118056389092924,0.2133155154165295,-0.18488029098765546,
COL,2023Q3,industrycat10,2,1.026925347921637,-0.18488029098765546,0.6215857776919136,
COL,2023Q4,industrycat10,2,1.6485111256135505,0.6215857776919136,-0.5088802571750266,
COL,2024Q1,industrycat10,2,1.139630868438524,-0.5088802571750266,0.1763291935328779,
COL,2024Q2,industrycat10,2,1.3159600619714018,0.1763291935328779,-0.22989509881029613,
COL,2024Q3,industrycat10,2,1.0860649631611057,-0.22989509881029613,0.4526317241560538,
COL,2024Q4,industrycat10,2,1.5386966873171595,0.4526317241560538,-0.2881080965153733,
COL,2025Q1,industrycat10,2,1.2505885908017862,-0.2881080965153733,0.09200153183339177,
COL,2025Q2,industrycat10,2,1.342590122635178,0.09200153183339177,-0.26194752732325477,
COL,2025Q3,industrycat10,2,1.0806425953119232,-0.26194752732325477,0.3803778775900082,
COL,2025Q4,industrycat10,2,1.4610204729019314,0.3803778775900082,-0.020313175712912468,
COL,2026Q1,industrycat10,2,1.440707297189019,-0.020313175712912468,-0.042408067543465267,
COL,2026Q2,industrycat10,2,1.3982992296455536,-0.042408067543465267,,
COL,2022Q1,industrycat10,3,10.62992735929487,,-0.2944895743439844,
COL,2022Q2,industrycat10,3,10.335437784950885,-0.2944895743439844,0.360246690836183,
COL,2022Q3,industrycat10,3,10.695684475787068,0.360246690836183,0.18529766193123187,
COL,2022Q4,industrycat10,3,10.8809821377183,0.18529766193123187,-0.30035008106001904,
COL,2023Q1,industrycat10,3,10.580632056658281,-0.30035008106001904,0.057480539453811375,
COL,2023Q2,industrycat10,3,10.638112596112093,0.057480539453811375,0.02623708948540049,
COL,2023Q3,industrycat10,3,10.664349685597493,0.02623708948540049,-0.39791908951168864,
COL,2023Q4,industrycat10,3,10.266430596085804,-0.39791908951168864,0.5669941250476906,
COL,2024Q1,industrycat10,3,10.833424721133495,0.5669941250476906,-0.04821721741777729,
COL,2024Q2,industrycat10,3,10.785207503715718,-0.04821721741777729,-0.2009048421051176,
COL,2024Q3,industrycat10,3,10.5843026616106,-0.2009048421051176,0.06034280995131702,
COL,2024Q4,industrycat10,3,10.644645471561917,0.06034280995131702,0.22840117823359662,
COL,2025Q1,industrycat10,3,10.873046649795514,0.22840117823359662,0.019753717292219974,
COL,2025Q2,industrycat10,3,10.892800367087734,0.019753717292219974,0.13529646308604093,
COL,2025Q3,industrycat10,3,11.028096830173775,0.13529646308604093,-0.02187329531080806,
COL,2025Q4,industrycat10,3,11.006223534862967,-0.02187329531080806,-0.22925740134173012,
COL,2026Q1,industrycat10,3,10.776966133521237,-0.22925740134173012,-0.09220775886850241,
COL,2026Q2,industrycat10,3,10.684758374652734,-0.09220775886850241,,
COL,2022Q1,industrycat10,4,1.4677384577790422,,-0.079914248686352,
COL,2022Q2,industrycat10,4,1.3878242090926902,-0.079914248686352,0.0778156294118888,
COL,2022Q3,industrycat10,4,1.465639838504579,0.0778156294118888,-0.22751576920910344,
COL,2022Q4,industrycat10,4,1.2381240692954756,-0.22751576920910344,0.14545756789219766,
COL,2023Q1,industrycat10,4,1.3835816371876732,0.14545756789219766,-0.021315936306921746,
COL,2023Q2,industrycat10,4,1.3622657008807515,-0.021315936306921746,0.05220604993734912,
COL,2023Q3,industrycat10,4,1.4144717508181006,0.05220604993734912,-0.12843708104876517,
COL,2023Q4,industrycat10,4,1.2860346697693354,-0.12843708104876517,0.05513645693705693,
COL,2024Q1,industrycat10,4,1.3411711267063924,0.05513645693705693,-0.09817433130867625,
COL,2024Q2,industrycat10,4,1.2429967953977161,-0.09817433130867625,0.2116932896463115,
COL,2024Q3,industrycat10,4,1.4546900850440276,0.2116932896463115,-0.12549694585360816,
COL,2024Q4,industrycat10,4,1.3291931391904195,-0.12549694585360816,-0.04040984825379845,
COL,2025Q1,industrycat10,4,1.288783290936621,-0.04040984825379845,0.01582373766546752,
COL,2025Q2,industrycat10,4,1.3046070286020885,0.01582373766546752,0.07171803679133304,
COL,2025Q3,industrycat10,4,1.3763250653934216,0.07171803679133304,-0.1304642241337859,
COL,2025Q4,industrycat10,4,1.2458608412596357,-0.1304642241337859,0.08282615717490249,
COL,2026Q1,industrycat10,4,1.3286869984345382,0.08282615717490249,-0.07277042891988339,
COL,2026Q2,industrycat10,4,1.2559165695146548,-0.07277042891988339,,
COL,2022Q1,industrycat10,5,7.1741494015027465,,-0.13881134582995358,
COL,2022Q2,industrycat10,5,7.035338055672793,-0.13881134582995358,-0.08156130191814537,
COL,2022Q3,industrycat10,5,6.9537767537546475,-0.08156130191814537,-0.029759456414501173,
COL,2022Q4,industrycat10,5,6.924017297340146,-0.029759456414501173,-0.10322273916221647,
COL,2023Q1,industrycat10,5,6.82079455817793,-0.10322273916221647,-0.02899082494762517,
COL,2023Q2,industrycat10,5,6.791803733230305,-0.02899082494762517,0.19493126991360388,
COL,2023Q3,industrycat10,5,6.986735003143909,0.19493126991360388,-0.11284056913558516,
COL,2023Q4,industrycat10,5,6.8738944340083235,-0.11284056913558516,-0.22606469680053376,
COL,2024Q1,industrycat10,5,6.64782973720779,-0.22606469680053376,0.13949657199365006,
COL,2024Q2,industrycat10,5,6.78732630920144,0.13949657199365006,-0.17426661764317064,
COL,2024Q3,industrycat10,5,6.613059691558269,-0.17426661764317064,0.12536706072514736,
COL,2024Q4,industrycat10,5,6.7384267522834165,0.12536706072514736,0.18507239214776394,
COL,2025Q1,industrycat10,5,6.92349914443118,0.18507239214776394,-0.398404362605036,
COL,2025Q2,industrycat10,5,6.525094781826144,-0.398404362605036,0.3618647149656482,
COL,2025Q3,industrycat10,5,6.886959496791793,0.3618647149656482,-0.28061343397555927,
COL,2025Q4,industrycat10,5,6.606346062816233,-0.28061343397555927,0.34880760824175194,
COL,2026Q1,industrycat10,5,6.955153671057985,0.34880760824175194,-0.18133592105283824,
COL,2026Q2,industrycat10,5,6.773817750005147,-0.18133592105283824,,
COL,2022Q1,industrycat10,6,25.110834322693837,,-0.6612756326595388,
COL,2022Q2,industrycat10,6,24.449558690034298,-0.6612756326595388,0.49314030086998883,
COL,2022Q3,industrycat10,6,24.942698990904287,0.49314030086998883,-0.4296304317590369,
COL,2022Q4,industrycat10,6,24.51306855914525,-0.4296304317590369,0.8624917614617864,
COL,2023Q1,industrycat10,6,25.375560320607036,0.8624917614617864,-0.5265739058599337,
COL,2023Q2,industrycat10,6,24.848986414747102,-0.5265739058599337,-0.4123558702551513,
COL,2023Q3,industrycat10,6,24.43663054449195,-0.4123558702551513,0.25042182438753713,
COL,2023Q4,industrycat10,6,24.68705236887949,0.25042182438753713,0.0785470014901648,
COL,2024Q1,industrycat10,6,24.765599370369653,0.0785470014901648,0.1656222414295243,
COL,2024Q2,industrycat10,6,24.931221611799177,0.1656222414295243,-0.1515614891336199,
COL,2024Q3,industrycat10,6,24.779660122665558,-0.1515614891336199,0.5222080035551677,
COL,2024Q4,industrycat10,6,25.301868126220725,0.5222080035551677,-0.1207281087608294,
COL,2025Q1,industrycat10,6,25.181140017459896,-0.1207281087608294,-0.1396263203445507,
COL,2025Q2,industrycat10,6,25.041513697115345,-0.1396263203445507,-0.45566110749612676,
COL,2025Q3,industrycat10,6,24.58585258961922,-0.45566110749612676,0.3104762202353726,
COL,2025Q4,industrycat10,6,24.89632880985459,0.3104762202353726,-0.4334578587977589,
COL,2026Q1,industrycat10,6,24.462870951056832,-0.4334578587977589,0.3179018624939687,
COL,2026Q2,industrycat10,6,24.7807728135508,0.3179018624939687,,
COL,2022Q1,industrycat10,7,8.960686782691129,,0.3023347101545877,
COL,2022Q2,industrycat10,7,9.263021492845716,0.3023347101545877,-0.2801516980803651,
COL,2022Q3,industrycat10,7,8.982869794765351,-0.2801516980803651,-0.27417763498718806,
COL,2022Q4,industrycat10,7,8.708692159778163,-0.27417763498718806,0.44053630864314464,
COL,2023Q1,industrycat10,7,9.149228468421308,0.44053630864314464,0.11417501622424453,
COL,2023Q2,industrycat10,7,9.263403484645552,0.11417501622424453,0.2607767759874804,
COL,2023Q3,industrycat10,7,9.524180260633033,0.2607767759874804,-0.4409674665376624,
COL,2023Q4,industrycat10,7,9.08321279409537,-0.4409674665376624,0.12482313594508199,
COL,2024Q1,industrycat10,7,9.208035930040452,0.12482313594508199,0.01847176868240652,
COL,2024Q2,industrycat10,7,9.226507698722859,0.01847176868240652,-0.05510993704975853,
COL,2024Q3,industrycat10,7,9.1713977616731,-0.05510993704975853,-0.06326697884922972,
COL,2024Q4,industrycat10,7,9.10813078282387,-0.06326697884922972,0.19445802195390804,
COL,2025Q1,industrycat10,7,9.302588804777779,0.19445802195390804,0.02766624087494307,
COL,2025Q2,industrycat10,7,9.330255045652722,0.02766624087494307,0.11157224448911407,
COL,2025Q3,industrycat10,7,9.441827290141836,0.11157224448911407,-0.14878144181244224,
COL,2025Q4,industrycat10,7,9.293045848329394,-0.14878144181244224,0.05648439525354476,
COL,2026Q1,industrycat10,7,9.349530243582938,0.05648439525354476,-0.16877054653661894,
COL,2026Q2,industrycat10,7,9.18075969704632,-0.16877054653661894,,
COL,2022Q1,industrycat10,8,10.57000640519253,,-0.17229985762938682,
COL,2022Q2,industrycat10,8,10.397706547563143,-0.17229985762938682,0.6938279207554316,
COL,2022Q3,industrycat10,8,11.091534468318574,0.6938279207554316,-0.06624769330035996,
COL,2022Q4,industrycat10,8,11.025286775018214,-0.06624769330035996,0.035538996513786,
COL,2023Q1,industrycat10,8,11.060825771532,0.035538996513786,-0.28395567382425924,
COL,2023Q2,industrycat10,8,10.776870097707741,-0.28395567382425924,0.2687946870856095,
COL,2023Q3,industrycat10,8,11.04566478479335,0.2687946870856095,0.2913624092185074,
COL,2023Q4,industrycat10,8,11.337027194011858,0.2913624092185074,-0.183813819044925,
COL,2024Q1,industrycat10,8,11.153213374966933,-0.183813819044925,-0.3053062587256843,
COL,2024Q2,industrycat10,8,10.847907116241249,-0.3053062587256843,0.11378747558017466,
COL,2024Q3,industrycat10,8,10.961694591821423,0.11378747558017466,-0.09364760359726709,
COL,2024Q4,industrycat10,8,10.868046988224156,-0.09364760359726709,-0.21800605756044433,
COL,2025Q1,industrycat10,8,10.650040930663712,-0.21800605756044433,0.20429224664373358,
COL,2025Q2,industrycat10,8,10.854333177307446,0.20429224664373358,0.022108828641423273,
COL,2025Q3,industrycat10,8,10.876442005948869,0.022108828641423273,-0.11526429678938932,
COL,2025Q4,industrycat10,8,10.76117770915948,-0.11526429678938932,0.6609532500078164,
COL,2026Q1,industrycat10,8,11.422130959167296,0.6609532500078164,-0.4250682423503349,
COL,2026Q2,industrycat10,8,10.997062716816961,-0.4250682423503349,,
COL,2022Q1,industrycat10,9,3.4294939923220387,,0.12370709489008425,
COL,2022Q2,industrycat10,9,3.553201087212123,0.12370709489008425,-0.2356317380137103,
COL,2022Q3,industrycat10,9,3.3175693491984126,-0.2356317380137103,-0.058116888288242574,
COL,2022Q4,industrycat10,9,3.25945246091017,-0.058116888288242574,-0.1328172771502243,
COL,2023Q1,industrycat10,9,3.1266351837599458,-0.1328172771502243,0.198870098929536,
COL,2023Q2,industrycat10,9,3.3255052826894818,0.198870098929536,0.09626369325194961,
COL,2023Q3,industrycat10,9,3.4217689759414314,0.09626369325194961,0.08202039701826047,
COL,2023Q4,industrycat10,9,3.503789372959692,0.08202039701826047,-0.3353783699431565,
COL,2024Q1,industrycat10,9,3.1684110030165353,-0.3353783699431565,0.13661249527308073,
COL,2024Q2,industrycat10,9,3.305023498289616,0.13661249527308073,0.15665917205517532,
COL,2024Q3,industrycat10,9,3.4616826703447914,0.15665917205517532,-0.1300649037540702,
COL,2024Q4,industrycat10,9,3.331617766590721,-0.1300649037540702,-0.15637206691129002,
COL,2025Q1,industrycat10,9,3.175245699679431,-0.15637206691129002,0.3125725345001902,
COL,2025Q2,industrycat10,9,3.4878182341796213,0.3125725345001902,0.16668561312801566,
COL,2025Q3,industrycat10,9,3.654503847307637,0.16668561312801566,-0.09373977492471663,
COL,2025Q4,industrycat10,9,3.5607640723829204,-0.09373977492471663,0.05549156705580671,
COL,2026Q1,industrycat10,9,3.616255639438727,0.05549156705580671,0.33954034778168696,
COL,2026Q2,industrycat10,9,3.955795987220414,0.33954034778168696,,
COL,2022Q1,lstatus,1,42.451556285291666,,1.282668809996288,
COL,2022Q2,lstatus,1,43.734225095287954,1.282668809996288,0.17768994252920578,
COL,2022Q3,lstatus,1,43.91191503781716,0.17768994252920578,0.5114058142404403,
COL,2022Q4,lstatus,1,44.4233208520576,0.5114058142404403,-0.8013462624437864,
COL,2023Q1,lstatus,1,43.621974589613814,-0.8013462624437864,1.0912547504715775,
COL,2023Q2,lstatus,1,44.71322934008539,1.0912547504715775,0.5960339118560185,
COL,2023Q3,lstatus,1,45.30926325194141,0.5960339118560185,-0.324934457312942,
COL,2023Q4,lstatus,1,44.98432879462847,-0.324934457312942,-1.392543466304943,
COL,2024Q1,lstatus,1,43.591785328323525,-1.392543466304943,0.960549843611858,
COL,2024Q2,lstatus,1,44.55233517193538,0.960549843611858,0.5475577983390139,
COL,2024Q3,lstatus,1,45.0998929702744,0.5475577983390139,0.3919758752215756,
COL,2024Q4,lstatus,1,45.49186884549597,0.3919758752215756,-0.46271099695522366,
COL,2025Q1,lstatus,1,45.02915784854075,-0.46271099695522366,0.4543777245489551,
COL,2025Q2,lstatus,1,45.4835355730897,0.4543777245489551,0.37091227426850537,
COL,2025Q3,lstatus,1,45.85444784735821,0.37091227426850537,0.8350129183290704,
COL,2025Q4,lstatus,1,46.68946076568728,0.8350129183290704,-1.0791150056209347,
COL,2026Q1,lstatus,1,45.610345760066345,-1.0791150056209347,0.9362686553332793,
COL,2026Q2,lstatus,1,46.546614415399624,0.9362686553332793,,
COL,2022Q1,lstatus,2,6.464465251903588,,-1.0449018466734232,
COL,2022Q2,lstatus,2,5.419563405230165,-1.0449018466734232,-0.10875768486108317,
COL,2022Q3,lstatus,2,5.310805720369082,-0.10875768486108317,-0.4666590467394949,
COL,2022Q4,lstatus,2,4.844146673629587,-0.4666590467394949,0.9282559077040098,
COL,2023Q1,lstatus,2,5.772402581333597,0.9282559077040098,-0.7046020108017723,
COL,2023Q2,lstatus,2,5.0678005705318245,-0.7046020108017723,-0.3844872426575403,
COL,2023Q3,lstatus,2,4.683313327874284,-0.3844872426575403,-0.006800595522695296,
COL,2023Q4,lstatus,2,4.676512732351589,-0.006800595522695296,1.1937053556736394,
COL,2024Q1,lstatus,2,5.870218088025228,1.1937053556736394,-0.6950670396360614,
COL,2024Q2,lstatus,2,5.175151048389167,-0.6950670396360614,-0.4005966210143894,
COL,2024Q3,lstatus,2,4.7745544273747775,-0.4005966210143894,-0.37918333137030924,
COL,2024Q4,lstatus,2,4.395371096004468,-0.37918333137030924,0.900552571122625,
COL,2025Q1,lstatus,2,5.295923667127093,0.900552571122625,-0.9120870652449993,
COL,2025Q2,lstatus,2,4.383836601882094,-0.9120870652449993,-0.10285744363061067,
COL,2025Q3,lstatus,2,4.280979158251483,-0.10285744363061067,-0.3666019506658551,
COL,2025Q4,lstatus,2,3.9143772075856282,-0.3666019506658551,0.9403951811614806,
COL,2026Q1,lstatus,2,4.854772388747109,0.9403951811614806,-0.6549741386894592,
COL,2026Q2,lstatus,2,4.19979825005765,-0.6549741386894592,,
COL,2022Q1,lstatus,3,28.213687199743642,,-0.17058198206602526,
COL,2022Q2,lstatus,3,28.043105217677617,-0.17058198206602526,-0.00525750271676273,
COL,2022Q3,lstatus,3,28.037847714960854,-0.00525750271676273,0.019883527159091585,
COL,2022Q4,lstatus,3,28.057731242119946,0.019883527159091585,-0.061596638919244384,
COL,2023Q1,lstatus,3,27.9961346032007,-0.061596638919244384,-0.31719525478787247,
COL,2023Q2,lstatus,3,27.67893934841283,-0.31719525478787247,-0.13648989897944475,
COL,2023Q3,lstatus,3,27.542449449433384,-0.13648989897944475,0.41512493069301115,
COL,2023Q4,lstatus,3,27.957574380126395,0.41512493069301115,0.2843495947931274,
COL,2024Q1,lstatus,3,28.241923974919523,0.2843495947931274,-0.18064586561639473,
COL,2024Q2,lstatus,3,28.061278109303128,-0.18064586561639473,-0.06802715481669352,
COL,2024Q3,lstatus,3,27.993250954486435,-0.06802715481669352,0.06345662050634715,
COL,2024Q4,lstatus,3,28.05670757499278,0.06345662050634715,-0.36539022164393486,
COL,2025Q1,lstatus,3,27.691317353348847,-0.36539022164393486,0.5287884736798176,
COL,2025Q2,lstatus,3,28.220105827028664,0.5287884736798176,-0.19774929998156665,
COL,2025Q3,lstatus,3,28.022356527047098,-0.19774929998156665,-0.3939817080526886,
COL,2025Q4,lstatus,3,27.62837481899441,-0.3939817080526886,0.21346144727856853,
COL,2026Q1,lstatus,3,27.841836266272978,0.21346144727856853,-0.20600148308960442,
COL,2026Q2,lstatus,3,27.635834783183373,-0.20600148308960442,,
COL,2022Q1,lstatus,NA,22.870291263061123,,-0.06718498125685102,
COL,2022Q2,lstatus,NA,22.803106281804272,-0.06718498125685102,-0.06367475495137853,
COL,2022Q3,lstatus,NA,22.739431526852893,-0.06367475495137853,-0.06463029466003434,
COL,2022Q4,lstatus,NA,22.67480123219286,-0.06463029466003434,-0.06531300634097548,
COL,2023Q1,lstatus,NA,22.609488225851884,-0.06531300634097548,-0.06945748488191938,
COL,2023Q2,lstatus,NA,22.540030740969964,-0.06945748488191938,-0.07505677021903878,
COL,2023Q3,lstatus,NA,22.464973970750926,-0.07505677021903878,-0.08338987785739249,
COL,2023Q4,lstatus,NA,22.381584092893533,-0.08338987785739249,-0.0855114841618203,
COL,2024Q1,lstatus,NA,22.296072608731713,-0.0855114841618203,-0.08483693835939832,
COL,2024Q2,lstatus,NA,22.211235670372314,-0.08483693835939832,-0.07893402250793358,
COL,2024Q3,lstatus,NA,22.13230164786438,-0.07893402250793358,-0.07624916435759843,
COL,2024Q4,lstatus,NA,22.056052483506782,-0.07624916435759843,-0.07245135252347978,
COL,2025Q1,lstatus,NA,21.983601130983303,-0.07245135252347978,-0.0710791329837619,
COL,2025Q2,lstatus,NA,21.91252199799954,-0.0710791329837619,-0.07030553065633427,
COL,2025Q3,lstatus,NA,21.842216467343206,-0.07030553065633427,-0.07442925961052183,
COL,2025Q4,lstatus,NA,21.767787207732685,-0.07442925961052183,-0.074741622819122,
COL,2026Q1,lstatus,NA,21.693045584913563,-0.074741622819122,-0.0752930335542139,
COL,2026Q2,lstatus,NA,21.61775255135935,-0.0752930335542139,,
COL,2022Q1,occup,0,0.10679664138268688,,-0.021029325378128016,
COL,2022Q2,occup,0,0.08576731600455886,-0.021029325378128016,0.010536269446881644,
COL,2022Q3,occup,0,0.09630358545144051,0.010536269446881644,-0.03359371244132686,
COL,2022Q4,occup,0,0.06270987301011365,-0.03359371244132686,0.036143583313460195,
COL,2023Q1,occup,0,0.09885345632357384,0.036143583313460195,-0.03882208911911862,
COL,2023Q2,occup,0,0.06003136720445522,-0.03882208911911862,0.021466279103080854,
COL,2023Q3,occup,0,0.08149764630753607,0.021466279103080854,0.015239589716362537,
COL,2023Q4,occup,0,0.09673723602389861,0.015239589716362537,0.009036633531549904,
COL,2024Q1,occup,0,0.10577386955544851,0.009036633531549904,0.011022255160171579,
COL,2024Q2,occup,0,0.11679612471562009,0.011022255160171579,-0.03547605378822842,
COL,2024Q3,occup,0,0.08132007092739167,-0.03547605378822842,-0.0001488145334635066,
COL,2024Q4,occup,0,0.08117125639392817,-0.0001488145334635066,0.028207749073803107,
COL,2025Q1,occup,0,0.10937900546773127,0.028207749073803107,-0.020823652140414733,
COL,2025Q2,occup,0,0.08855535332731654,-0.020823652140414733,-0.02205291086756503,
COL,2025Q3,occup,0,0.06650244245975151,-0.02205291086756503,-0.008830663306817643,
COL,2025Q4,occup,0,0.057671779152933866,-0.008830663306817643,0.02035174630005772,
COL,2026Q1,occup,0,0.07802352545299159,0.02035174630005772,0.0003194537511415213,
COL,2026Q2,occup,0,0.0783429792041331,0.0003194537511415213,,
COL,2022Q1,occup,1,6.068488272611638,,-0.058858796693507465,
COL,2022Q2,occup,1,6.00962947591813,-0.058858796693507465,1.0059682005314237,
COL,2022Q3,occup,1,7.015597676449554,1.0059682005314237,-0.17164945119009012,
COL,2022Q4,occup,1,6.843948225259464,-0.17164945119009012,-0.41193250367727696,
COL,2023Q1,occup,1,6.432015721582187,-0.41193250367727696,-0.12417702258480379,
COL,2023Q2,occup,1,6.307838698997383,-0.12417702258480379,0.028582491533112986,
COL,2023Q3,occup,1,6.336421190530496,0.028582491533112986,-0.2778470975249805,
COL,2023Q4,occup,1,6.058574093005515,-0.2778470975249805,0.23856237754235465,
COL,2024Q1,occup,1,6.29713647054787,0.23856237754235465,-0.02743926098059113,
COL,2024Q2,occup,1,6.269697209567279,-0.02743926098059113,-0.1725490503354834,
COL,2024Q3,occup,1,6.0971481592317955,-0.1725490503354834,0.22888332706041314,
COL,2024Q4,occup,1,6.326031486292209,0.22888332706041314,-0.6739707615158679,
COL,2025Q1,occup,1,5.652060724776341,-0.6739707615158679,0.42181114155023103,
COL,2025Q2,occup,1,6.073871866326572,0.42181114155023103,-0.3585783356816874,
COL,2025Q3,occup,1,5.715293530644884,-0.3585783356816874,-0.23387903172640456,
COL,2025Q4,occup,1,5.48141449891848,-0.23387903172640456,0.5677004479348335,
COL,2026Q1,occup,1,6.049114946853313,0.5677004479348335,-0.2813005697814388,
COL,2026Q2,occup,1,5.767814377071875,-0.2813005697814388,,
COL,2022Q1,occup,2,10.723847663187344,,0.7111727095480695,
COL,2022Q2,occup,2,11.435020372735414,0.7111727095480695,-0.16902750404082667,
COL,2022Q3,occup,2,11.265992868694587,-0.16902750404082667,-0.30244754084146663,
COL,2022Q4,occup,2,10.96354532785312,-0.30244754084146663,-0.19426379299190444,
COL,2023Q1,occup,2,10.769281534861216,-0.19426379299190444,0.45347152442077565,
COL,2023Q2,occup,2,11.222753059281992,0.45347152442077565,0.0601952032970523,
COL,2023Q3,occup,2,11.282948262579044,0.0601952032970523,-0.13599078823629007,
COL,2023Q4,occup,2,11.146957474342754,-0.13599078823629007,-0.5592785028486684,
COL,2024Q1,occup,2,10.587678971494086,-0.5592785028486684,0.7165133256880072,
COL,2024Q2,occup,2,11.304192297182093,0.7165133256880072,-0.00992100657179229,
COL,2024Q3,occup,2,11.2942712906103,-0.00992100657179229,-0.7499276539702127,
COL,2024Q4,occup,2,10.544343636640088,-0.7499276539702127,0.12880107533471374,
COL,2025Q1,occup,2,10.673144711974802,0.12880107533471374,0.6994956733861244,
COL,2025Q2,occup,2,11.372640385360926,0.6994956733861244,-0.12830078884222829,
COL,2025Q3,occup,2,11.244339596518698,-0.12830078884222829,-0.1394667056475587,
COL,2025Q4,occup,2,11.104872890871139,-0.1394667056475587,0.9904035410391252,
COL,2026Q1,occup,2,12.095276431910264,0.9904035410391252,-0.2165114771869554,
COL,2026Q2,occup,2,11.878764954723309,-0.2165114771869554,,
COL,2022Q1,occup,3,6.3331026910491515,,0.6507700362475504,
COL,2022Q2,occup,3,6.983872727296702,0.6507700362475504,-0.3885352640832389,
COL,2022Q3,occup,3,6.595337463213463,-0.3885352640832389,-0.145718078325749,
COL,2022Q4,occup,3,6.449619384887714,-0.145718078325749,0.4912389895925875,
COL,2023Q1,occup,3,6.940858374480301,0.4912389895925875,0.15400698030464888,
COL,2023Q2,occup,3,7.09486535478495,0.15400698030464888,-0.0642967059306514,
COL,2023Q3,occup,3,7.030568648854299,-0.0642967059306514,-0.21353666250181114,
COL,2023Q4,occup,3,6.817031986352488,-0.21353666250181114,-0.28825799880431635,
COL,2024Q1,occup,3,6.528773987548171,-0.28825799880431635,0.2625014250169322,
COL,2024Q2,occup,3,6.791275412565104,0.2625014250169322,0.11551912697635469,
COL,2024Q3,occup,3,6.906794539541458,0.11551912697635469,-0.32641688438729055,
COL,2024Q4,occup,3,6.580377655154168,-0.32641688438729055,-0.04923861235844118,
COL,2025Q1,occup,3,6.5311390427957265,-0.04923861235844118,0.1638067640734997,
COL,2025Q2,occup,3,6.694945806869226,0.1638067640734997,0.6993589280186363,
COL,2025Q3,occup,3,7.3943047348878626,0.6993589280186363,-0.18703134296209978,
COL,2025Q4,occup,3,7.207273391925763,-0.18703134296209978,-0.40334672058501386,
COL,2026Q1,occup,3,6.803926671340749,-0.40334672058501386,0.11028656842360984,
COL,2026Q2,occup,3,6.914213239764359,0.11028656842360984,,
COL,2022Q1,occup,4,5.832394491709301,,-0.11882444929376934,
COL,2022Q2,occup,4,5.713570042415531,-0.11882444929376934,-0.2941713936886243,
COL,2022Q3,occup,4,5.419398648726907,-0.2941713936886243,0.21415345391062335,
COL,2022Q4,occup,4,5.63355210263753,0.21415345391062335,0.07202059892868107,
COL,2023Q1,occup,4,5.705572701566211,0.07202059892868107,0.13278299755163925,
COL,2023Q2,occup,4,5.838355699117851,0.13278299755163925,0.008200881635341162,
COL,2023Q3,occup,4,5.846556580753192,0.008200881635341162,0.2656598993096839,
COL,2023Q4,occup,4,6.112216480062876,0.2656598993096839,0.09003773844145169,
COL,2024Q1,occup,4,6.2022542185043275,0.09003773844145169,-0.007327432329156558,
COL,2024Q2,occup,4,6.194926786175171,-0.007327432329156558,0.14830204970542749,
COL,2024Q3,occup,4,6.343228835880598,0.14830204970542749,-0.33195708486510167,
COL,2024Q4,occup,4,6.011271751015497,-0.33195708486510167,-0.05324151259920473,
COL,2025Q1,occup,4,5.958030238416292,-0.05324151259920473,0.1789979956366654,
COL,2025Q2,occup,4,6.137028234052957,0.1789979956366654,0.002278054503093152,
COL,2025Q3,occup,4,6.1393062885560505,0.002278054503093152,-0.4370002828746582,
COL,2025Q4,occup,4,5.702306005681392,-0.4370002828746582,0.35104280983378455,
COL,2026Q1,occup,4,6.053348815515177,0.35104280983378455,-0.034141389451478155,
COL,2026Q2,occup,4,6.019207426063699,-0.034141389451478155,,
COL,2022Q1,occup,5,21.72266226316649,,-0.43893153006160546,
COL,2022Q2,occup,5,21.283730733104886,-0.43893153006160546,-0.4221211313190345,
COL,2022Q3,occup,5,20.86160960178585,-0.4221211313190345,-0.1392292225325349,
COL,2022Q4,occup,5,20.722380379253316,-0.1392292225325349,-0.10055218810565592,
COL,2023Q1,occup,5,20.62182819114766,-0.10055218810565592,0.3310608342977943,
COL,2023Q2,occup,5,20.952889025445455,0.3310608342977943,-0.07356934311242824,
COL,2023Q3,occup,5,20.879319682333026,-0.07356934311242824,0.3285009853603569,
COL,2023Q4,occup,5,21.207820667693383,0.3285009853603569,-0.09042951164071411,
COL,2024Q1,occup,5,21.11739115605267,-0.09042951164071411,-0.3079534157661321,
COL,2024Q2,occup,5,20.809437740286537,-0.3079534157661321,0.3441928233903724,
COL,2024Q3,occup,5,21.15363056367691,0.3441928233903724,1.0406873884922696,
COL,2024Q4,occup,5,22.19431795216918,1.0406873884922696,-0.5664142433732771,
COL,2025Q1,occup,5,21.627903708795902,-0.5664142433732771,-0.11732018094016183,
COL,2025Q2,occup,5,21.51058352785574,-0.11732018094016183,-0.13229820243607193,
COL,2025Q3,occup,5,21.378285325419668,-0.13229820243607193,0.6370828486760658,
COL,2025Q4,occup,5,22.015368174095734,0.6370828486760658,-0.5663883899007089,
COL,2026Q1,occup,5,21.448979784195025,-0.5663883899007089,0.6603716381351923,
COL,2026Q2,occup,5,22.109351422330217,0.6603716381351923,,
COL,2022Q1,occup,6,6.508939452267993,,-0.017325004747648087,
COL,2022Q2,occup,6,6.4916144475203446,-0.017325004747648087,0.03342992493916164,
COL,2022Q3,occup,6,6.525044372459506,0.03342992493916164,-0.0588500446463458,
COL,2022Q4,occup,6,6.46619432781316,-0.0588500446463458,-0.8712078996782777,
COL,2023Q1,occup,6,5.594986428134883,-0.8712078996782777,0.21362608245064063,
COL,2023Q2,occup,6,5.808612510585523,0.21362608245064063,0.09282382571980996,
COL,2023Q3,occup,6,5.901436336305333,0.09282382571980996,0.23255581689466265,
COL,2023Q4,occup,6,6.133992153199996,0.23255581689466265,-0.6147743844273998,
COL,2024Q1,occup,6,5.519217768772596,-0.6147743844273998,0.006499167291670993,
COL,2024Q2,occup,6,5.525716936064267,0.006499167291670993,0.23165237864694,
COL,2024Q3,occup,6,5.757369314711207,0.23165237864694,-0.4329747884213937,
COL,2024Q4,occup,6,5.324394526289813,-0.4329747884213937,0.17210870992132765,
COL,2025Q1,occup,6,5.496503236211141,0.17210870992132765,-0.414392055420965,
COL,2025Q2,occup,6,5.082111180790176,-0.414392055420965,0.25236620795337483,
COL,2025Q3,occup,6,5.334477388743551,0.25236620795337483,0.3621614082830851,
COL,2025Q4,occup,6,5.696638797026636,0.3621614082830851,-0.018074159998253236,
COL,2026Q1,occup,6,5.678564637028383,-0.018074159998253236,-0.1838220331684708,
COL,2026Q2,occup,6,5.494742603859912,-0.1838220331684708,,
COL,2022Q1,occup,7,11.31714639404683,,-0.8821425438998389,
COL,2022Q2,occup,7,10.435003850146991,-0.8821425438998389,0.30479787653346513,
COL,2022Q3,occup,7,10.739801726680456,0.30479787653346513,-0.13188829235470578,
COL,2022Q4,occup,7,10.60791343432575,-0.13188829235470578,0.016021836506521225,
COL,2023Q1,occup,7,10.623935270832272,0.016021836506521225,0.005459383453155553,
COL,2023Q2,occup,7,10.629394654285427,0.005459383453155553,-0.34230770954919976,
COL,2023Q3,occup,7,10.287086944736227,-0.34230770954919976,-0.2025348107621543,
COL,2023Q4,occup,7,10.084552133974073,-0.2025348107621543,0.6555882194413822,
COL,2024Q1,occup,7,10.740140353415455,0.6555882194413822,-0.32688148219236624,
COL,2024Q2,occup,7,10.41325887122309,-0.32688148219236624,-0.10636585448651914,
COL,2024Q3,occup,7,10.30689301673657,-0.10636585448651914,0.22402265512392283,
COL,2024Q4,occup,7,10.530915671860493,0.22402265512392283,0.25711897185798804,
COL,2025Q1,occup,7,10.78803464371848,0.25711897185798804,-0.12484220871815488,
COL,2025Q2,occup,7,10.663192435000326,-0.12484220871815488,-0.34656306306563067,
COL,2025Q3,occup,7,10.316629371934695,-0.34656306306563067,0.010404706932988006,
COL,2025Q4,occup,7,10.327034078867683,0.010404706932988006,-0.16225775000248355,
COL,2026Q1,occup,7,10.1647763288652,-0.16225775000248355,0.13013504145781774,
COL,2026Q2,occup,7,10.294911370323018,0.13013504145781774,,
COL,2022Q1,occup,8,8.04022030468638,,0.1342438453719037,
COL,2022Q2,occup,8,8.174464150058284,0.1342438453719037,0.15748911682876887,
COL,2022Q3,occup,8,8.331953266887053,0.15748911682876887,0.16220772987459142,
COL,2022Q4,occup,8,8.494160996761645,0.16220772987459142,-0.3365969149906185,
COL,2023Q1,occup,8,8.157564081771026,-0.3365969149906185,0.04624635437978597,
COL,2023Q2,occup,8,8.203810436150812,0.04624635437978597,0.27726294259040607,
COL,2023Q3,occup,8,8.481073378741218,0.27726294259040607,0.3216201580972058,
COL,2023Q4,occup,8,8.802693536838424,0.3216201580972058,0.01915316545862744,
COL,2024Q1,occup,8,8.821846702297051,0.01915316545862744,-0.3116198865237365,
COL,2024Q2,occup,8,8.510226815773315,-0.3116198865237365,-0.253799188033101,
COL,2024Q3,occup,8,8.256427627740214,-0.253799188033101,0.6395776001646976,
COL,2024Q4,occup,8,8.896005227904912,0.6395776001646976,0.010429921519957475,
COL,2025Q1,occup,8,8.906435149424869,0.010429921519957475,-0.2179638802879449,
COL,2025Q2,occup,8,8.688471269136924,-0.2179638802879449,0.06397416977983639,
COL,2025Q3,occup,8,8.75244543891676,0.06397416977983639,0.24623147987379035,
COL,2025Q4,occup,8,8.99867691879055,0.24623147987379035,-0.3554802618926818,
COL,2026Q1,occup,8,8.643196656897869,-0.3554802618926818,0.10092622689613151,
COL,2026Q2,occup,8,8.744122883794,0.10092622689613151,,
COL,2022Q1,occup,9,23.241805684020157,,0.1272258275708431,
COL,2022Q2,occup,9,23.369031511591,0.1272258275708431,-0.2273710605860515,
COL,2022Q3,occup,9,23.14166045100495,-0.2273710605860515,0.5462933445609472,
COL,2022Q4,occup,9,23.687953795565896,0.5462933445609472,1.342150543439704,
COL,2023Q1,occup,9,25.0301043390056,1.342150543439704,-1.155157151284918,
COL,2023Q2,occup,9,23.874947187720682,-1.155157151284918,-0.0036985909213811397,
COL,2023Q3,occup,9,23.8712485967993,-0.0036985909213811397,-0.3361147150232924,
COL,2023Q4,occup,9,23.53513388177601,-0.3361147150232924,0.541106107106625,
COL,2024Q1,occup,9,24.076239988882634,0.541106107106625,-0.015076782033958125,
COL,2024Q2,occup,9,24.061163206848676,-0.015076782033958125,-0.26104607053109774,
COL,2024Q3,occup,9,23.800117136317578,-0.26104607053109774,-0.2902519656172551,
COL,2024Q4,occup,9,23.509865170700323,-0.2902519656172551,0.7438301341184186,
COL,2025Q1,occup,9,24.25369530481874,0.7438301341184186,-0.5698581521992772,
COL,2025Q2,occup,9,23.683837152619464,-0.5698581521992772,-0.02572681298140367,
COL,2025Q3,occup,9,23.65811033963806,-0.02572681298140367,-0.2528458705050767,
COL,2025Q4,occup,9,23.405264469132984,-0.2528458705050767,-0.42077760995978153,
COL,2026Q1,occup,9,22.984486859173202,-0.42077760995978153,-0.28652055542728405,
COL,2026Q2,occup,9,22.69796630374592,-0.28652055542728405,,
COL,2022Q1,occup,NA,0.10459614187201308,,-0.0863007686638394,
COL,2022Q2,occup,NA,0.01829537320817368,-0.0863007686638394,-0.010995034561932265,
COL,2022Q3,occup,NA,0.0073003386462414145,-0.010995034561932265,0.06072181398603503,
COL,2022Q4,occup,NA,0.06802215263227644,0.06072181398603503,-0.043022252337208994,
COL,2023Q1,occup,NA,0.024999900295067448,-0.043022252337208994,-0.018497893869594016,
COL,2023Q2,occup,NA,0.006502006425473432,-0.018497893869594016,-0.004659274365135229,
COL,2023Q3,occup,NA,0.001842732060338203,-0.004659274365135229,0.002447624670243181,
COL,2023Q4,occup,NA,0.004290356730581384,0.002447624670243181,-0.0007438438008875907,
COL,2024Q1,occup,NA,0.0035465129296937932,-0.0007438438008875907,-0.00023791333086124657,
COL,2024Q2,occup,NA,0.0033085995988325467,-0.00023791333086124657,-0.0005091549728591231,
COL,2024Q3,occup,NA,0.0027994446259734236,-0.0005091549728591231,-0.0014937790465857968,
COL,2024Q4,occup,NA,0.0013056655793876268,-0.0014937790465857968,0.00236856802057356,
COL,2025Q1,occup,NA,0.003674233599961187,0.00236856802057356,0.0010885550604233948,
COL,2025Q2,occup,NA,0.004762788660384582,0.0010885550604233948,-0.004457246380374932,
COL,2025Q3,occup,NA,0.00030554228000965,-0.004457246380374932,0.003173453256721333,
COL,2025Q4,occup,NA,0.0034789955367309834,0.003173453256721333,-0.003173652768916555,
COL,2026Q1,occup,NA,0.0003053427678144285,-0.003173652768916555,0.00025709635174509877,
COL,2026Q2,occup,NA,0.0005624391195595273,0.00025709635174509877,,
COL,2022Q1,socialsec,0,57.4514606088542,,-0.3696765294240052,
COL,2022Q2,socialsec,0,57.08178407943019,-0.3696765294240052,0.9172425918246816,
COL,2022Q3,socialsec,0,57.999026671254875,0.9172425918246816,-0.41860313922046544,
COL,2022Q4,socialsec,0,57.58042353203441,-0.41860313922046544,0.4027231794198656,
COL,2023Q1,socialsec,0,57.983146711454275,0.4027231794198656,-2.4141879818357665,
COL,2023Q2,socialsec,0,55.56895872961851,-2.4141879818357665,0.2218887601033046,
COL,2023Q3,socialsec,0,55.79084748972181,0.2218887601033046,-0.7954944466416265,
COL,2023Q4,socialsec,0,54.995353043080186,-0.7954944466416265,0.8325546137908901,
COL,2024Q1,socialsec,0,55.827907656871076,0.8325546137908901,-0.4856732087011082,
COL,2024Q2,socialsec,0,55.34223444816997,-0.4856732087011082,0.03217498138688768,
COL,2024Q3,socialsec,0,55.374409429556856,0.03217498138688768,-0.13065774220975612,
COL,2024Q4,socialsec,0,55.2437516873471,-0.13065774220975612,1.1329611737736869,
COL,2025Q1,socialsec,0,56.37671286112079,1.1329611737736869,-1.8368951883881763,
COL,2025Q2,socialsec,0,54.53981767273261,-1.8368951883881763,-0.15316063197218455,
COL,2025Q3,socialsec,0,54.386657040760426,-0.15316063197218455,0.8188379085742028,
COL,2025Q4,socialsec,0,55.20549494933463,0.8188379085742028,-0.8933024994345189,
COL,2026Q1,socialsec,0,54.31219244990011,-0.8933024994345189,-0.41296621218295115,
COL,2026Q2,socialsec,0,53.89922623771716,-0.41296621218295115,,
COL,2022Q1,socialsec,1,41.15587883748948,,0.4237184044702147,
COL,2022Q2,socialsec,1,41.579597241959696,0.4237184044702147,-1.0666116178423763,
COL,2022Q3,socialsec,1,40.51298562411732,-1.0666116178423763,0.5515143702305494,
COL,2022Q4,socialsec,1,41.06449999434787,0.5515143702305494,-0.45198194845687567,
COL,2023Q1,socialsec,1,40.612518045890994,-0.45198194845687567,2.2113103083394776,
COL,2023Q2,socialsec,1,42.82382835423047,2.2113103083394776,-0.17144607032781067,
COL,2023Q3,socialsec,1,42.65238228390266,-0.17144607032781067,0.9078498791560818,
COL,2023Q4,socialsec,1,43.56023216305874,0.9078498791560818,-1.050598251082775,
COL,2024Q1,socialsec,1,42.50963391197597,-1.050598251082775,0.6364990667956505,
COL,2024Q2,socialsec,1,43.14613297877162,0.6364990667956505,-0.11417364841356203,
COL,2024Q3,socialsec,1,43.031959330358056,-0.11417364841356203,0.049132421660473824,
COL,2024Q4,socialsec,1,43.08109175201853,0.049132421660473824,-1.117812931034507,
COL,2025Q1,socialsec,1,41.96327882098402,-1.117812931034507,1.872458458309893,
COL,2025Q2,socialsec,1,43.835737279293916,1.872458458309893,0.18270186972921465,
COL,2025Q3,socialsec,1,44.01843914902313,0.18270186972921465,-0.9360772458061106,
COL,2025Q4,socialsec,1,43.08236190321702,-0.9360772458061106,0.8146332751727883,
COL,2026Q1,socialsec,1,43.89699517838981,0.8146332751727883,0.4461363266075651,
COL,2026Q2,socialsec,1,44.34313150499737,0.4461363266075651,,
COL,2022Q1,socialsec,NA,1.3926605536563172,,-0.05404187504619995,
COL,2022Q2,socialsec,NA,1.3386186786101173,-0.05404187504619995,0.1493690260176841,
COL,2022Q3,socialsec,NA,1.4879877046278014,0.1493690260176841,-0.13291123101009084,
COL,2022Q4,socialsec,NA,1.3550764736177106,-0.13291123101009084,0.04925876903700699,
COL,2023Q1,socialsec,NA,1.4043352426547175,0.04925876903700699,0.20287767349630204,
COL,2023Q2,socialsec,NA,1.6072129161510196,0.20287767349630204,-0.05044268977549704,
COL,2023Q3,socialsec,NA,1.5567702263755225,-0.05044268977549704,-0.11235543251444358,
COL,2023Q4,socialsec,NA,1.444414793861079,-0.11235543251444358,0.21804363729186882,
COL,2024Q1,socialsec,NA,1.6624584311529478,0.21804363729186882,-0.1508258580945323,
COL,2024Q2,socialsec,NA,1.5116325730584155,-0.1508258580945323,0.0819986670266748,
COL,2024Q3,socialsec,NA,1.5936312400850903,0.0819986670266748,0.08152532054927697,
COL,2024Q4,socialsec,NA,1.6751565606343672,0.08152532054927697,-0.01514824273917914,
COL,2025Q1,socialsec,NA,1.660008317895188,-0.01514824273917914,-0.035563269921709884,
COL,2025Q2,socialsec,NA,1.6244450479734782,-0.035563269921709884,-0.029541237757040095,
COL,2025Q3,socialsec,NA,1.5949038102164381,-0.029541237757040095,0.11723933723190827,
COL,2025Q4,socialsec,NA,1.7121431474483464,0.11723933723190827,0.07866922426173262,
COL,2026Q1,socialsec,NA,1.790812371710079,0.07866922426173262,-0.03317011442462503,
COL,2026Q2,socialsec,NA,1.757642257285454,-0.03317011442462503,,
COL,2022Q1,urban,0,22.93897955714334,,-0.027905222038071997,
COL,2022Q2,urban,0,22.91107433510527,-0.027905222038071997,-0.027685848154497705,
COL,2022Q3,urban,0,22.88338848695077,-0.027685848154497705,-0.02785610005386019,
COL,2022Q4,urban,0,22.85553238689691,-0.02785610005386019,-0.027776096371113113,
COL,2023Q1,urban,0,22.827756290525798,-0.027776096371113113,-0.026128789566747912,
COL,2023Q2,urban,0,22.80162750095905,-0.026128789566747912,-0.02652307387389996,
COL,2023Q3,urban,0,22.77510442708515,-0.02652307387389996,-0.024231399636580164,
COL,2023Q4,urban,0,22.75087302744857,-0.024231399636580164,-0.023779054010098832,
COL,2024Q1,urban,0,22.72709397343847,-0.023779054010098832,-0.02204225078073918,
COL,2024Q2,urban,0,22.705051722657732,-0.02204225078073918,-0.0225965282916043,
COL,2024Q3,urban,0,22.682455194366128,-0.0225965282916043,-0.020468880790094346,
COL,2024Q4,urban,0,22.661986313576033,-0.020468880790094346,-0.020080863603155308,
COL,2025Q1,urban,0,22.641905449972878,-0.020080863603155308,-0.018482292984788984,
COL,2025Q2,urban,0,22.62342315698809,-0.018482292984788984,-0.01892725682014884,
COL,2025Q3,urban,0,22.60449590016794,-0.01892725682014884,-0.016782377674463334,
COL,2025Q4,urban,0,22.587713522493477,-0.016782377674463334,-0.016223041595271326,
COL,2026Q1,urban,0,22.571490480898206,-0.016223041595271326,-0.014398619022799153,
COL,2026Q2,urban,0,22.557091861875406,-0.014398619022799153,,
COL,2022Q1,urban,1,77.06102044285666,,0.027905222038057786,
COL,2022Q2,urban,1,77.08892566489472,0.027905222038057786,0.02768584815450481,
COL,2022Q3,urban,1,77.11661151304922,0.02768584815450481,0.027856100053867294,
COL,2022Q4,urban,1,77.14446761310309,0.027856100053867294,0.027776096371113113,
COL,2023Q1,urban,1,77.1722437094742,0.027776096371113113,0.026128789566740807,
COL,2023Q2,urban,1,77.19837249904094,0.026128789566740807,0.026523073873917724,
COL,2023Q3,urban,1,77.22489557291486,0.026523073873917724,0.02423139963657661,
COL,2023Q4,urban,1,77.24912697255144,0.02423139963657661,0.023779054010091727,
COL,2024Q1,urban,1,77.27290602656153,0.023779054010091727,0.022042250780728523,
COL,2024Q2,urban,1,77.29494827734226,0.022042250780728523,0.02259652829161496,
COL,2024Q3,urban,1,77.31754480563387,0.02259652829161496,0.020468880790090793,
COL,2024Q4,urban,1,77.33801368642396,0.020468880790090793,0.02008086360316952,
COL,2025Q1,urban,1,77.35809455002713,0.02008086360316952,0.01848229298477122,
COL,2025Q2,urban,1,77.3765768430119,0.01848229298477122,0.018927256820163052,
COL,2025Q3,urban,1,77.39550409983207,0.018927256820163052,0.01678237767445978,
COL,2025Q4,urban,1,77.41228647750653,0.01678237767445978,0.016223041595267773,
COL,2026Q1,urban,1,77.4285095191018,0.016223041595267773,0.014398619022799153,
COL,2026Q2,urban,1,77.4429081381246,0.014398619022799153,,
