countrycode,period,group,emp,emp_ref,index,n
ARG,2021Q1,1.0,1281399.0,1343927.0,95.34736633760613,
ARG,2021Q1,2.0,2172856.0,2476727.75,87.73091834578912,
ARG,2021Q1,3.0,2326854.0,2636621.0,88.25136415131337,
ARG,2021Q1,4.0,2039883.0,2044166.0,99.79047689864717,
ARG,2021Q1,5.0,3999130.0,4231847.5,94.50080609001151,
ARG,2021Q2,1.0,1095963.0,1343927.0,81.5492954602445,
ARG,2021Q2,2.0,2136521.0,2476727.75,86.26386166182375,
ARG,2021Q2,3.0,2517188.0,2636621.0,95.47022495838424,
ARG,2021Q2,4.0,2034161.0,2044166.0,99.51055834017394,
ARG,2021Q2,5.0,4069460.0,4231847.5,96.16272798110046,
ARG,2021Q3,1.0,1197804.0,1343927.0,89.12716241283938,
ARG,2021Q3,2.0,2290158.0,2476727.75,92.46708686491682,
ARG,2021Q3,3.0,2480302.0,2636621.0,94.07123739058439,
ARG,2021Q3,4.0,2032485.0,2044166.0,99.42856891270083,
ARG,2021Q3,5.0,4249494.0,4231847.5,100.41699281460403,
ARG,2021Q4,1.0,1204258.0,1343927.0,89.60739683033378,
ARG,2021Q4,2.0,2422096.0,2476727.75,97.79419639481974,
ARG,2021Q4,3.0,2572448.0,2636621.0,97.56608932417666,
ARG,2021Q4,4.0,2094283.0,2044166.0,102.45170891209422,
ARG,2021Q4,5.0,4176195.0,4231847.5,98.68491244072477,
ARG,2022Q1,1.0,1252349.0,1343927.0,93.18579059725714,
ARG,2022Q1,2.0,2446107.0,2476727.75,98.76366104429523,
ARG,2022Q1,3.0,2576111.0,2636621.0,97.7050171412577,
ARG,2022Q1,4.0,2095173.0,2044166.0,102.49524745054951,
ARG,2022Q1,5.0,3990629.0,4231847.5,94.29992456013596,
ARG,2022Q2,1.0,1365337.0,1343927.0,101.59309248195773,
ARG,2022Q2,2.0,2413181.0,2476727.75,97.434245649325,
ARG,2022Q2,3.0,2621303.0,2636621.0,99.41902912857024,
ARG,2022Q2,4.0,2029576.0,2044166.0,99.28626148756999,
ARG,2022Q2,5.0,4399101.0,4231847.5,103.95225725879773,
ARG,2022Q3,1.0,1332040.0,1343927.0,99.11550255333809,
ARG,2022Q3,2.0,2434694.0,2476727.75,98.30285141352334,
ARG,2022Q3,3.0,2693951.0,2636621.0,102.17437394301267,
ARG,2022Q3,4.0,1984638.0,2044166.0,97.08790773352067,
ARG,2022Q3,5.0,4321308.0,4231847.5,102.11398213191757,
ARG,2022Q4,1.0,1425982.0,1343927.0,106.10561436744705,
ARG,2022Q4,2.0,2612929.0,2476727.75,105.49924189285642,
ARG,2022Q4,3.0,2655119.0,2636621.0,100.7015797871594,
ARG,2022Q4,4.0,2067277.0,2044166.0,101.13058332835983,
ARG,2022Q4,5.0,4216352.0,4231847.5,99.63383604914874,
ARG,2023Q1,1.0,1303227.0,1343927.0,96.97156169940779,
ARG,2023Q1,2.0,2689260.0,2476727.75,108.58117126519053,
ARG,2023Q1,3.0,2758447.0,2636621.0,104.62053514706892,
ARG,2023Q1,4.0,1904417.0,2044166.0,93.16351998810272,
ARG,2023Q1,5.0,4414077.0,4231847.5,104.30614524743626,
ARG,2023Q2,1.0,1426571.0,1343927.0,106.14944115268166,
ARG,2023Q2,2.0,2572074.0,2476727.75,103.84968634521901,
ARG,2023Q2,3.0,2701171.0,2636621.0,102.44820927998374,
ARG,2023Q2,4.0,1980180.0,2044166.0,96.86982368359517,
ARG,2023Q2,5.0,4351736.0,4231847.5,102.83300615156855,
ARG,2023Q3,1.0,1440418.0,1343927.0,107.1797798541141,
ARG,2023Q3,2.0,2467069.0,2476727.75,99.61001971250171,
ARG,2023Q3,3.0,2853716.0,2636621.0,108.23383413846737,
ARG,2023Q3,4.0,2073797.0,2044166.0,101.44953981232445,
ARG,2023Q3,5.0,4469484.0,4231847.5,105.61543155796612,
ARG,2023Q4,1.0,1327773.0,1343927.0,98.79800018899836,
ARG,2023Q4,2.0,2644194.0,2476727.75,106.76159299301266,
ARG,2023Q4,3.0,2810948.0,2636621.0,106.6117580038997,
ARG,2023Q4,4.0,2191119.0,2044166.0,107.1888975748545,
ARG,2023Q4,5.0,4466929.0,4231847.5,105.55505603640017,
ARG,2024Q1,1.0,1176899.0,1343927.0,87.5716463766261,
ARG,2024Q1,2.0,2526958.0,2476727.75,102.0280892803014,
ARG,2024Q1,3.0,2811308.0,2636621.0,106.62541184341625,
ARG,2024Q1,4.0,2053551.0,2044166.0,100.45911144202574,
ARG,2024Q1,5.0,4447793.0,4231847.5,105.10286582869539,
ARG,2024Q2,1.0,1338947.0,1343927.0,99.62944415879731,
ARG,2024Q2,2.0,2415639.0,2476727.75,97.53348950041037,
ARG,2024Q2,3.0,2933368.0,2636621.0,111.25482198617094,
ARG,2024Q2,4.0,2117198.0,2044166.0,103.57270397805266,
ARG,2024Q2,5.0,4396913.0,4231847.5,103.90055407242345,
ARG,2024Q3,1.0,1326982.0,1343927.0,98.73914282546596,
ARG,2024Q3,2.0,2382141.0,2476727.75,96.18097911649757,
ARG,2024Q3,3.0,2928797.0,2636621.0,111.08145615164257,
ARG,2024Q3,4.0,2160803.0,2044166.0,105.70584776383131,
ARG,2024Q3,5.0,4477766.0,4231847.5,105.81113804313601,
ARG,2024Q4,1.0,1288001.0,1343927.0,95.83861325801178,
ARG,2024Q4,2.0,2495412.0,2476727.75,100.75439256494785,
ARG,2024Q4,3.0,2916704.0,2636621.0,110.62280092588203,
ARG,2024Q4,4.0,2145823.0,2044166.0,104.97303056601078,
ARG,2024Q4,5.0,4600781.0,4231847.5,108.71802445622154,
ARG,2025Q1,1.0,1246838.0,1343927.0,92.7757236814202,
ARG,2025Q1,2.0,2512312.0,2476727.75,101.43674451097824,
ARG,2025Q1,3.0,2864172.0,2636621.0,108.63040232175956,
ARG,2025Q1,4.0,1987569.0,2044166.0,97.23129139218635,
ARG,2025Q1,5.0,4552747.0,4231847.5,107.58296465078196,
ARG,2025Q2,1.0,1224370.0,1343927.0,91.10390668540776,
ARG,2025Q2,2.0,2412178.0,2476727.75,97.39374866696592,
ARG,2025Q2,3.0,2801354.0,2636621.0,106.24788318078328,
ARG,2025Q2,4.0,2129451.0,2044166.0,104.17211713725793,
ARG,2025Q2,5.0,4660899.0,4231847.5,110.13863330377572,
ARG,2025Q3,1.0,1270100.0,1343927.0,94.50662126737538,
ARG,2025Q3,2.0,2443632.0,2476727.75,98.66373080367836,
ARG,2025Q3,3.0,2910302.0,2636621.0,110.37999014647914,
ARG,2025Q3,4.0,2129506.0,2044166.0,104.17480772109506,
ARG,2025Q3,5.0,4762792.0,4231847.5,112.54639965168877,
ARG,2025Q4,1.0,1315843.0,1343927.0,97.91030316378792,
ARG,2025Q4,2.0,2602880.0,2476727.75,105.09350492802449,
ARG,2025Q4,3.0,2957414.0,2636621.0,112.16682261121336,
ARG,2025Q4,4.0,2007377.0,2044166.0,98.20029293120031,
ARG,2025Q4,5.0,4505928.0,4231847.5,106.47661570980523,
ARG,2026Q1,1.0,1256132.0,1343927.0,93.46727910072497,
ARG,2026Q1,2.0,2598542.0,2476727.75,104.91835446992509,
ARG,2026Q1,3.0,2941528.0,2636621.0,111.56430901521303,
ARG,2026Q1,4.0,2028827.0,2044166.0,99.24962062767896,
ARG,2026Q1,5.0,4588078.0,4231847.5,108.41784823295262,
BOL,2021Q1,1.0,518889.42783431115,556423.7290684967,93.25436726125584,
BOL,2021Q1,2.0,2639444.4020496225,2711221.542025706,97.35259037804582,
BOL,2021Q1,3.0,968060.7208198691,1139980.272254238,84.9190766174919,
BOL,2021Q1,4.0,510364.21254559635,586656.0819373202,86.99546945123548,
BOL,2021Q1,5.0,1307941.9038448564,1389532.577012215,94.12819285296675,
BOL,2021Q2,1.0,543325.7655837033,556423.7290684967,97.64604512702566,
BOL,2021Q2,2.0,2719683.4515672154,2711221.542025706,100.31210690127473,
BOL,2021Q2,3.0,975936.5675360056,1139980.272254238,85.6099523201532,
BOL,2021Q2,4.0,517756.03066597425,586656.0819373202,88.25546118198986,
BOL,2021Q2,5.0,1318957.6703065422,1389532.577012215,94.92096062566424,
BOL,2021Q3,1.0,537590.3586153882,556423.7290684967,96.61528265794175,
BOL,2021Q3,2.0,2702006.5937092244,2711221.542025706,99.66011820968359,
BOL,2021Q3,3.0,1033663.4713318951,1139980.272254238,90.67380344116762,
BOL,2021Q3,4.0,581098.5345929033,586656.0819373202,99.05267370175996,
BOL,2021Q3,5.0,1379428.2564194098,1389532.577012215,99.27282593010294,
BOL,2021Q4,1.0,561172.792087813,556423.7290684967,100.8534975723028,
BOL,2021Q4,2.0,2889944.2152862274,2711221.542025706,106.59196124293804,
BOL,2021Q4,3.0,1023957.1880662589,1139980.272254238,89.82236035027599,
BOL,2021Q4,4.0,574535.9778544144,586656.0819373202,97.93403589324745,
BOL,2021Q4,5.0,1348540.5037591564,1389532.577012215,97.04993794811202,
BOL,2022Q1,1.0,567730.4871274362,556423.7290684967,102.03204095516702,
BOL,2022Q1,2.0,2674757.6887258943,2711221.542025706,98.65507658689643,
BOL,2022Q1,3.0,1098676.9774498802,1139980.272254238,96.37684126562269,
BOL,2022Q1,4.0,575515.8492249446,586656.0819373202,98.10106243583343,
BOL,2022Q1,5.0,1361075.1046732198,1389532.577012215,97.95201114318711,
BOL,2022Q2,1.0,543422.4381714048,556423.7290684967,97.66341904238028,
BOL,2022Q2,2.0,2734584.175764296,2711221.542025706,100.86170139092118,
BOL,2022Q2,3.0,1139524.7728323701,1139980.272254238,99.96004321890878,
BOL,2022Q2,4.0,592644.2767619444,586656.0819373202,101.02073344315282,
BOL,2022Q2,5.0,1391778.2163724904,1389532.577012215,100.16161113437902,
BOL,2022Q3,1.0,551810.6113988532,556423.7290684967,99.17093441047773,
BOL,2022Q3,2.0,2758192.246007375,2711221.542025706,101.732455398926,
BOL,2022Q3,3.0,1158611.3936330704,1139980.272254238,101.63433717515046,
BOL,2022Q3,4.0,599643.8289501463,586656.0819373202,102.21386045635744,
BOL,2022Q3,5.0,1395510.7678789764,1389532.577012215,100.43023034980696,
BOL,2022Q4,1.0,562731.3795762928,556423.7290684967,101.13360559197496,
BOL,2022Q4,2.0,2677352.0576052587,2711221.542025706,98.75076662325641,
BOL,2022Q4,3.0,1163107.9451016313,1139980.272254238,102.02877834031811,
BOL,2022Q4,4.0,578820.3728122454,586656.0819373202,98.66434366465633,
BOL,2022Q4,5.0,1409766.2191241737,1389532.577012215,101.45614737262694,
BOL,2023Q1,1.0,545109.811946799,556423.7290684967,97.96667242415448,
BOL,2023Q1,2.0,2681161.954001347,2711221.542025706,98.89128986479285,
BOL,2023Q1,3.0,1153797.6617283504,1139980.272254238,101.21207268322193,
BOL,2023Q1,4.0,602710.1643099843,586656.0819373202,102.73654068660612,
BOL,2023Q1,5.0,1446423.9258497865,1389532.577012215,104.09427960011557,
BOL,2023Q2,1.0,526124.1917468375,556423.7290684967,94.55459288690233,
BOL,2023Q2,2.0,2784086.4825500753,2711221.542025706,102.68753177838532,
BOL,2023Q2,3.0,1105757.274179846,1139980.272254238,96.99793067412315,
BOL,2023Q2,4.0,657651.8281170431,586656.0819373202,112.10176598617592,
BOL,2023Q2,5.0,1410803.2579664139,1389532.577012215,101.5307795805648,
BOL,2023Q3,1.0,522563.44222630176,556423.7290684967,93.91465800732831,
BOL,2023Q3,2.0,2814305.3753832034,2711221.542025706,103.8021176713017,
BOL,2023Q3,3.0,1135416.0094949391,1139980.272254238,99.59961914513896,
BOL,2023Q3,4.0,658595.1049265893,586656.0819373202,112.2625547069595,
BOL,2023Q3,5.0,1424667.8575934093,1389532.577012215,102.52856832307899,
BOL,2023Q4,1.0,559407.7065427653,556423.7290684967,100.53627789728954,
BOL,2023Q4,2.0,2811375.327688205,2711221.542025706,103.69404654359853,
BOL,2023Q4,3.0,1144647.5396643009,1139980.272254238,100.40941650690444,
BOL,2023Q4,4.0,664897.3806845612,586656.0819373202,113.33682563877358,
BOL,2023Q4,5.0,1421270.795139451,1389532.577012215,102.28409312975445,
BOL,2024Q1,1.0,546963.9662770089,556423.7290684967,98.29989946558815,
BOL,2024Q1,2.0,2859364.7096396484,2711221.542025706,105.46407459949792,
BOL,2024Q1,3.0,1177777.091761597,1139980.272254238,103.31556785913656,
BOL,2024Q1,4.0,627305.6944230988,586656.0819373202,106.9290362338938,
BOL,2024Q1,5.0,1455628.8799606801,1389532.577012215,104.75672928018614,
BOL,2024Q2,1.0,584646.8936400738,556423.7290684967,105.07224316598166,
BOL,2024Q2,2.0,2837880.185534433,2711221.542025706,104.67164492260908,
BOL,2024Q2,3.0,1162313.8848258245,1139980.272254238,101.95912272476639,
BOL,2024Q2,4.0,682961.1860772708,586656.0819373202,116.41593892999819,
BOL,2024Q2,5.0,1426327.9370367194,1389532.577012215,102.64803867381231,
BOL,2024Q3,1.0,568403.9125494563,556423.7290684967,102.15306840005108,
BOL,2024Q3,2.0,2769179.9876504587,2711221.542025706,102.13772444362658,
BOL,2024Q3,3.0,1226761.0570125126,1139980.272254238,107.61248127449356,
BOL,2024Q3,4.0,653029.796748042,586656.0819373202,111.31390551539758,
BOL,2024Q3,5.0,1492020.6870098943,1389532.577012215,107.37572559961495,
BOL,2024Q4,1.0,619556.6727282502,556423.7290684967,111.3461990137343,
BOL,2024Q4,2.0,2858071.7473164215,2711221.542025706,105.4163853087784,
BOL,2024Q4,3.0,1219541.8382138514,1139980.272254238,106.97920550873093,
BOL,2024Q4,4.0,648419.9567047429,586656.0819373202,110.52812314899373,
BOL,2024Q4,5.0,1455584.0675476738,1389532.577012215,104.7535042810931,
BOL,2025Q1,1.0,628827.3885823456,556423.7290684967,113.0123241931215,
BOL,2025Q1,2.0,2757646.093389766,2711221.542025706,101.7123112458517,
BOL,2025Q1,3.0,1272243.7924416757,1139980.272254238,111.60226395198008,
BOL,2025Q1,4.0,662980.6490238748,586656.0819373202,113.01010412003353,
BOL,2025Q1,5.0,1472130.829682111,1389532.577012215,105.94431926507974,
BOL,2025Q2,1.0,624908.519172779,556423.7290684967,112.30802831125337,
BOL,2025Q2,2.0,2835693.0857144203,2711221.542025706,104.59097649378053,
BOL,2025Q2,3.0,1285742.7306105893,1139980.272254238,112.78640182677157,
BOL,2025Q2,4.0,643890.8029719442,586656.0819373202,109.75609437911514,
BOL,2025Q2,5.0,1426250.5896980623,1389532.577012215,102.64247224522066,
BOL,2025Q3,1.0,629280.8087920758,556423.7290684967,113.09381248811016,
BOL,2025Q3,2.0,2936740.7615716476,2711221.542025706,108.3179930540624,
BOL,2025Q3,3.0,1271667.568557689,1139980.272254238,111.55171712252948,
BOL,2025Q3,4.0,643122.6462827353,586656.0819373202,109.62515621741191,
BOL,2025Q3,5.0,1449901.3770780491,1389532.577012215,104.34454010395638,
BOL,2025Q4,1.0,661388.5762667123,556423.7290684967,118.86419318851411,
BOL,2025Q4,2.0,2916031.7245857115,2711221.542025706,107.55416624518926,
BOL,2025Q4,3.0,1303922.2452685775,1139980.272254238,114.38112369174203,
BOL,2025Q4,4.0,667046.734665095,586656.0819373202,113.70319940471767,
BOL,2025Q4,5.0,1499465.2137933709,1389532.577012215,107.91148322823304,
BRA,2021Q1,1.0,13880732.593931269,16276516.130218074,85.28073503494446,
BRA,2021Q1,2.0,16252505.085060218,17755851.987085693,91.53323139256342,
BRA,2021Q1,3.0,17368737.53127211,20072235.12691967,86.5311581966186,
BRA,2021Q1,4.0,15553165.2160063,17113358.91241785,90.88318252193356,
BRA,2021Q1,5.0,21546409.00635641,24076243.648838658,89.49240305347934,
BRA,2021Q2,1.0,14712851.448079752,16276516.130218074,90.39312424336737,
BRA,2021Q2,2.0,16566592.220089177,17755851.987085693,93.30215318385456,
BRA,2021Q2,3.0,17744398.29193633,20072235.12691967,88.4027024381486,
BRA,2021Q2,4.0,16005924.367424484,17113358.91241785,93.52883001717572,
BRA,2021Q2,5.0,21776483.830295157,24076243.648838658,90.44801235572132,
BRA,2021Q3,1.0,15764726.7347415,16276516.130218074,96.85565761504445,
BRA,2021Q3,2.0,17236121.63405584,17755851.987085693,97.07290670474238,
BRA,2021Q3,3.0,18359232.665631074,20072235.12691967,91.46581110445833,
BRA,2021Q3,4.0,16398436.86950598,17113358.91241785,95.8224329509439,
BRA,2021Q3,5.0,22547821.230729822,24076243.648838658,93.65174052729542,
BRA,2021Q4,1.0,16363226.20982824,16276516.130218074,100.53273119945604,
BRA,2021Q4,2.0,17546631.225208867,17755851.987085693,98.82167996202605,
BRA,2021Q4,3.0,18960407.24888828,20072235.12691967,94.46086661001559,
BRA,2021Q4,4.0,16684610.513578935,17113358.91241785,97.49465665371041,
BRA,2021Q4,5.0,23496910.631782547,24076243.648838658,97.59375662787805,
BRA,2022Q1,1.0,15926706.637352677,16276516.130218074,97.85083312628579,
BRA,2022Q1,2.0,17573379.48104423,17755851.987085693,98.97232469512484,
BRA,2022Q1,3.0,19119385.686457355,20072235.12691967,95.25289817283772,
BRA,2022Q1,4.0,16690376.004368057,17113358.91241785,97.52834665471272,
BRA,2022Q1,5.0,23322412.345158927,24076243.648838658,96.8689829083197,
BRA,2022Q2,1.0,16320213.979704337,16276516.130218074,100.26847176101239,
BRA,2022Q2,2.0,18005951.621350713,17755851.987085693,101.40854764078301,
BRA,2022Q2,3.0,20063531.46625169,20072235.12691967,99.95663830852448,
BRA,2022Q2,4.0,17099328.25423655,17113358.91241785,99.9180134171608,
BRA,2022Q2,5.0,23996239.277221914,24076243.648838658,99.66770409544097,
BRA,2022Q3,1.0,16471359.80375063,16276516.130218074,101.19708463392126,
BRA,2022Q3,2.0,17712329.89227974,17755851.987085693,99.7548859112049,
BRA,2022Q3,3.0,20489948.17116573,20072235.12691967,102.08104897937277,
BRA,2022Q3,4.0,17345274.225192297,17113358.91241785,101.35517120841871,
BRA,2022Q3,5.0,24450911.73580162,24076243.648838658,101.55617334841615,
BRA,2022Q4,1.0,16387784.10006465,16276516.130218074,100.68361047878054,
BRA,2022Q4,2.0,17731746.953668088,17755851.987085693,99.86424175288724,
BRA,2022Q4,3.0,20616075.183803897,20072235.12691967,102.70941453926505,
BRA,2022Q4,4.0,17318457.1658745,17113358.91241785,101.19846871970776,
BRA,2022Q4,5.0,24535411.237172168,24076243.648838658,101.90713964782317,
BRA,2023Q1,1.0,15776853.017175727,16276516.130218074,96.93015932251804,
BRA,2023Q1,2.0,17574124.932472568,17755851.987085693,98.97652303733271,
BRA,2023Q1,3.0,20155126.86508643,20072235.12691967,100.41296715409432,
BRA,2023Q1,4.0,17285238.705944207,17113358.91241785,101.00436036201891,
BRA,2023Q1,5.0,24245025.257676907,24076243.648838658,100.70102965936046,
BRA,2023Q2,1.0,16005454.987210512,16276516.130218074,98.33464888407953,
BRA,2023Q2,2.0,17664951.98121852,17755851.987085693,99.48805607338197,
BRA,2023Q2,3.0,20618437.102910783,20072235.12691967,102.72118163491709,
BRA,2023Q2,4.0,17689455.258270208,17113358.91241785,103.36635460519868,
BRA,2023Q2,5.0,24147002.47763582,24076243.648838658,100.29389480281561,
BRA,2023Q3,1.0,16203767.992964441,16276516.130218074,99.55304847381576,
BRA,2023Q3,2.0,17611974.83071176,17755851.987085693,99.18969162122674,
BRA,2023Q3,3.0,20724990.37293711,20072235.12691967,103.25203068761388,
BRA,2023Q3,4.0,18078782.62811853,17113358.91241785,105.64134557477284,
BRA,2023Q3,5.0,24476459.318834748,24076243.648838658,101.66228451511536,
BRA,2023Q4,1.0,16434934.339140171,16276516.130218074,100.9732931031106,
BRA,2023Q4,2.0,17635170.060990784,17755851.987085693,99.32032590617064,
BRA,2023Q4,3.0,20944690.62318964,20072235.12691967,104.3465786981535,
BRA,2023Q4,4.0,18257517.10554891,17113358.91241785,106.68576051601904,
BRA,2023Q4,5.0,24865938.952690404,24076243.648838658,103.27997720645197,
BRA,2024Q1,1.0,16283730.26958595,16276516.130218074,100.04432238023273,
BRA,2024Q1,2.0,17406539.73279964,17755851.987085693,98.03269223836674,
BRA,2024Q1,3.0,20612196.427801516,20072235.12691967,102.69009055278396,
BRA,2024Q1,4.0,18287847.67737908,17113358.91241785,106.8629938223816,
BRA,2024Q1,5.0,24790167.00893085,24076243.648838658,102.96526057181113,
BRA,2024Q2,1.0,16395295.701335777,16276516.130218074,100.72976041167178,
BRA,2024Q2,2.0,17777209.566428173,17755851.987085693,100.12028473405846,
BRA,2024Q2,3.0,21204092.344059385,20072235.12691967,105.63891968175352,
BRA,2024Q2,4.0,18542862.39341758,17113358.91241785,108.35314381189332,
BRA,2024Q2,5.0,25041111.41439,24076243.648838658,104.00755109320338,
BRA,2024Q3,1.0,16530773.864294818,16276516.130218074,101.56211398091943,
BRA,2024Q3,2.0,17971120.614422213,17755851.987085693,101.21238128980289,
BRA,2024Q3,3.0,21690443.40063312,20072235.12691967,108.06192366461077,
BRA,2024Q3,4.0,18641956.507447142,17113358.91241785,108.93218919121777,
BRA,2024Q3,5.0,25297703.039209444,24076243.648838658,105.07329718118093,
BRA,2024Q4,1.0,16857356.736563645,16276516.130218074,103.56858065754756,
BRA,2024Q4,2.0,17862263.812696256,17755851.987085693,100.59930565814561,
BRA,2024Q4,3.0,21600499.118701164,20072235.12691967,107.61382069369982,
BRA,2024Q4,4.0,19027603.94538734,17113358.91241785,111.18567689000241,
BRA,2024Q4,5.0,25566198.80574184,24076243.648838658,106.18848678653845,
BRA,2025Q1,1.0,16062362.748048244,16276516.130218074,98.68427997455645,
BRA,2025Q1,2.0,17689220.83024416,17755851.987085693,99.62473692115708,
BRA,2025Q1,3.0,21194460.21498869,20072235.12691967,105.59093235493222,
BRA,2025Q1,4.0,18909985.360495847,17113358.91241785,110.49838583572463,
BRA,2025Q1,5.0,25725765.480813704,24076243.648838658,106.851242477996,
BRA,2025Q2,1.0,16131601.837701395,16276516.130218074,99.10967254074943,
BRA,2025Q2,2.0,17773595.1770383,17755851.987085693,100.09992868810527,
BRA,2025Q2,3.0,22062253.327752054,20072235.12691967,109.91428302951422,
BRA,2025Q2,4.0,19416369.374959107,17113358.91241785,113.45738422438004,
BRA,2025Q2,5.0,25985123.841094382,24076243.648838658,107.92848012379956,
BRA,2025Q3,1.0,16442382.159754515,16276516.130218074,101.0190511790696,
BRA,2025Q3,2.0,17859967.747054026,17755851.987085693,100.58637434038118,
BRA,2025Q3,3.0,22011833.03167094,20072235.12691967,109.66308880145588,
BRA,2025Q3,4.0,19518596.44322053,17113358.91241785,114.05473667157989,
BRA,2025Q3,5.0,25668171.81947741,24076243.648838658,106.61202882749336,
BRA,2025Q4,1.0,16487986.857910953,16276516.130218074,101.2992382767973,
BRA,2025Q4,2.0,17612291.57880666,17755851.987085693,99.1914755294004,
BRA,2025Q4,3.0,21934862.717197128,20072235.12691967,109.27962221695687,
BRA,2025Q4,4.0,19848376.58934593,17113358.91241785,115.9817700950775,
BRA,2025Q4,5.0,26182074.801577456,24076243.648838658,108.746510391958,
BRA,2026Q1,1.0,16080066.519475024,16276516.130218074,98.79304877547885,
BRA,2026Q1,2.0,17820729.677546166,17755851.987085693,100.36538765083004,
BRA,2026Q1,3.0,21717766.091716506,20072235.12691967,108.19804548119282,
BRA,2026Q1,4.0,19487453.08244652,17113358.91241785,113.87275392387154,
BRA,2026Q1,5.0,25941124.840614367,24076243.648838658,107.74573151433306,
BRA,2026Q2,1.0,16215980.531707821,16276516.130218074,99.6280801246044,
BRA,2026Q2,2.0,17952557.38997188,17755851.987085693,101.10783421166866,
BRA,2026Q2,3.0,22210957.747283693,20072235.12691967,110.65512937069823,
BRA,2026Q2,4.0,19811293.62352005,17113358.91241785,115.76507992913369,
BRA,2026Q2,5.0,25900929.641180508,24076243.648838658,107.57878188539541,
COL,2022Q1,1.0,4335655.817430338,4411519.643102097,98.28032442765202,
COL,2022Q1,2.0,3826704.4638503413,3893743.7984808045,98.27828079863346,
COL,2022Q1,3.0,3372907.598371329,3594879.953721271,93.82531939292811,
COL,2022Q1,4.0,4512780.555702676,4781041.664282458,94.38906565939658,
COL,2022Q1,5.0,5258992.394715133,5320862.275198229,98.83722078709901,
COL,2022Q2,1.0,4444500.571632886,4411519.643102097,100.74760924123638,
COL,2022Q2,2.0,3804721.18291725,3893743.7984808045,97.7137012558893,
COL,2022Q2,3.0,3578767.0193169173,3594879.953721271,99.55178101600654,
COL,2022Q2,4.0,4792214.287242393,4781041.664282458,100.2336859568366,
COL,2022Q2,5.0,5411763.513480021,5320862.275198229,101.70839299309633,
COL,2022Q3,1.0,4376445.945492975,4411519.643102097,99.20495202454866,
COL,2022Q3,2.0,3976750.6887286818,3893743.7984808045,102.13180153969718,
COL,2022Q3,3.0,3632627.8955798266,3594879.953721271,101.05004735469625,
COL,2022Q3,4.0,4893782.249739803,4781041.664282458,102.35807577874905,
COL,2022Q3,5.0,5298857.592569331,5320862.275198229,99.58644517578539,
COL,2022Q4,1.0,4489476.237852191,4411519.643102097,101.76711430656299,
COL,2022Q4,2.0,3966798.858426945,3893743.7984808045,101.87621640578004,
COL,2022Q4,3.0,3795217.301617011,3594879.953721271,105.57285223636909,
COL,2022Q4,4.0,4925389.564444957,4781041.664282458,103.01917260501773,
COL,2022Q4,5.0,5313835.600028432,5320862.275198229,99.86794104401932,
COL,2023Q1,1.0,4647435.610715708,4411519.643102097,105.34772565237222,
COL,2023Q1,2.0,3809876.2155145044,3893743.7984808045,97.84609395720842,
COL,2023Q1,3.0,3651398.313474397,3594879.953721271,101.5721904620103,
COL,2023Q1,4.0,4812147.368961606,4781041.664282458,100.65060517902465,
COL,2023Q1,5.0,5224332.769257277,5320862.275198229,98.18582964661766,
COL,2023Q2,1.0,4589567.977603909,4411519.643102097,104.03598643792077,
COL,2023Q2,2.0,3940905.0432418264,3893743.7984808045,101.21120564684873,
COL,2023Q2,3.0,3819013.0253968723,3594879.953721271,106.23478598898937,
COL,2023Q2,4.0,4850527.35848885,4781041.664282458,101.45335889301063,
COL,2023Q2,5.0,5572047.335962354,5320862.275198229,104.72075854951099,
COL,2023Q3,1.0,4641622.822298747,4411519.643102097,105.21596179575991,
COL,2023Q3,2.0,4006109.8215306145,3893743.7984808045,102.88580936151092,
COL,2023Q3,3.0,3859263.7464560084,3594879.953721271,107.35445400509295,
COL,2023Q3,4.0,5089786.754448438,4781041.664282458,106.45769503479775,
COL,2023Q3,5.0,5533743.59451171,5320862.275198229,104.00088008866102,
COL,2023Q4,1.0,4597933.013967679,4411519.643102097,104.22560446165213,
COL,2023Q4,2.0,3891818.1852038037,3893743.7984808045,99.95054596869593,
COL,2023Q4,3.0,3960133.8419549004,3594879.953721271,110.16039180544914,
COL,2023Q4,4.0,5028892.3339480115,4781041.664282458,105.18403074202766,
COL,2023Q4,5.0,5541823.374706017,5320862.275198229,104.15273104394637,
COL,2024Q1,1.0,4625277.90856371,4411519.643102097,104.84545650376617,
COL,2024Q1,2.0,3758216.035326367,3893743.7984808045,96.51934564345719,
COL,2024Q1,3.0,3822713.5407404536,3594879.953721271,106.33772448460591,
COL,2024Q1,4.0,4875027.165841203,4781041.664282458,101.96579549308008,
COL,2024Q1,5.0,5281828.002887409,5320862.275198229,99.26639198137552,
COL,2024Q2,1.0,4646886.457309944,4411519.643102097,105.33527748370946,
COL,2024Q2,2.0,3825255.368423742,3893743.7984808045,98.24106480545063,
COL,2024Q2,3.0,3912472.8271593424,3594879.953721271,108.83458912471646,
COL,2024Q2,4.0,4993158.024731256,4781041.664282458,104.43661392941725,
COL,2024Q2,5.0,5533571.632518588,5320862.275198229,103.99764824419242,
COL,2024Q3,1.0,4708952.872175208,4411519.643102097,106.74219437146066,
COL,2024Q3,2.0,3911682.9553788076,3893743.7984808045,100.46071744383907,
COL,2024Q3,3.0,3845546.052232788,3594879.953721271,106.97286423297774,
COL,2024Q3,4.0,5260186.434908179,4781041.664282458,110.02176521918328,
COL,2024Q3,5.0,5532107.042944413,5320862.275198229,103.97012282634799,
COL,2024Q4,1.0,4734853.824600815,4411519.643102097,107.32931523957478,
COL,2024Q4,2.0,3913052.503722978,3893743.7984808045,100.49589049104121,
COL,2024Q4,3.0,4051115.710525748,3594879.953721271,112.69126542966201,
COL,2024Q4,4.0,5254951.163279891,4781041.664282458,109.91226457066564,
COL,2024Q4,5.0,5566294.911183414,5320862.275198229,104.61264778698002,
COL,2025Q1,1.0,4873808.079042137,4411519.643102097,110.47911997088983,
COL,2025Q1,2.0,4021282.3289656932,3893743.7984808045,103.27547309442006,
COL,2025Q1,3.0,3867802.522394175,3594879.953721271,107.59198004346115,
COL,2025Q1,4.0,5151673.855539635,4781041.664282458,107.75212217927412,
COL,2025Q1,5.0,5417260.991889074,5320862.275198229,101.81171230723602,
COL,2025Q2,1.0,4801483.601260978,4411519.643102097,108.83967407395845,
COL,2025Q2,2.0,3995531.0305795977,3893743.7984808045,102.61412248382923,
COL,2025Q2,3.0,3978405.329757968,3594879.953721271,110.66865600448459,
COL,2025Q2,4.0,5205965.988456161,4781041.664282458,108.88769339426948,
COL,2025Q2,5.0,5648496.918435485,5320862.275198229,106.15754789903956,
COL,2025Q3,1.0,4763532.7090484,4411519.643102097,107.97940606468146,
COL,2025Q3,2.0,4021590.3198090238,3893743.7984808045,103.28338298421433,
COL,2025Q3,3.0,4089178.889377365,3594879.953721271,113.75008183915617,
COL,2025Q3,4.0,5358926.98611382,4781041.664282458,112.08701706468169,
COL,2025Q3,5.0,5653045.738791165,5320862.275198229,106.24303818464388,
COL,2025Q4,1.0,4879904.820018449,4411519.643102097,110.6173204430524,
COL,2025Q4,2.0,4182329.5268706195,3893743.7984808045,107.41152328775229,
COL,2025Q4,3.0,4170554.263806073,3594879.953721271,116.01372834408248,
COL,2025Q4,4.0,5498633.839120608,4781041.664282458,115.00911778700942,
COL,2025Q4,5.0,5650961.147471749,5320862.275198229,106.20386048727832,
COL,2026Q1,1.0,4742812.911602791,4411519.643102097,107.50973123328846,
COL,2026Q1,2.0,3931072.5317873447,3893743.7984808045,100.95868488628103,
COL,2026Q1,3.0,4009274.928154514,3594879.953721271,111.5273661365042,
COL,2026Q1,4.0,5469968.510704724,4781041.664282458,114.40955538139323,
COL,2026Q1,5.0,5719145.551910467,5320862.275198229,107.48531452446588,
COL,2026Q2,1.0,4813967.426350199,4411519.643102097,109.1226564949648,
COL,2026Q2,2.0,4030254.816971399,3893743.7984808045,103.50590654022629,
COL,2026Q2,3.0,4183827.8909440944,3594879.953721271,116.38296535085043,
COL,2026Q2,4.0,5577482.703301533,4781041.664282458,116.65831621943428,
COL,2026Q2,5.0,5814857.5340045635,5320862.275198229,109.28412037855144,
ECU,2021Q3,1.0,2061670.688193143,2118817.595746924,97.30288687103169,
ECU,2021Q3,2.0,1831555.5831510352,1925415.4601389077,95.12521432745217,
ECU,2021Q3,3.0,1547136.4714385334,1574126.5597253859,98.28539273922415,
ECU,2021Q3,4.0,1217161.99792391,1251989.100059634,97.21825835911308,
ECU,2021Q3,5.0,1326529.6958076935,1266873.2586642061,104.70895069696154,
ECU,2021Q4,1.0,2012290.3920561315,2118817.595746924,94.97232777825597,
ECU,2021Q4,2.0,1944840.6997994303,1925415.4601389077,101.00888561781473,
ECU,2021Q4,3.0,1620732.7232285715,1574126.5597253859,102.96076342878786,
ECU,2021Q4,4.0,1214493.709498199,1251989.100059634,97.00513442492037,
ECU,2021Q4,5.0,1291544.435645568,1266873.2586642061,101.94740687852035,
ECU,2022Q1,1.0,2077054.6763150496,2118817.595746924,98.02895164191081,
ECU,2022Q1,2.0,1909138.7029272635,1925415.4601389077,99.15463662006381,
ECU,2022Q1,3.0,1550705.231037154,1574126.5597253859,98.51210637775418,
ECU,2022Q1,4.0,1212108.5396875825,1251989.100059634,96.81462399551626,
ECU,2022Q1,5.0,1234243.680660527,1266873.2586642061,97.42440076143971,
ECU,2022Q2,1.0,2127060.7799539324,2118817.595746924,100.38904642964806,
ECU,2022Q2,2.0,1950543.976086129,1925415.4601389077,101.30509578153114,
ECU,2022Q2,3.0,1537823.1629998954,1574126.5597253859,97.69374346038455,
ECU,2022Q2,4.0,1251885.3415547279,1251989.100059634,99.99171250732924,
ECU,2022Q2,5.0,1291253.6236838067,1266873.2586642061,101.92445178338576,
ECU,2022Q3,1.0,2117215.743138322,2118817.595746924,99.92439874900901,
ECU,2022Q3,2.0,1944015.4111012346,1925415.4601389077,100.96602272846532,
ECU,2022Q3,3.0,1597047.6540542284,1574126.5597253859,101.45611508726726,
ECU,2022Q3,4.0,1285651.5482600546,1251989.100059634,102.68871735375468,
ECU,2022Q3,5.0,1315544.2849159485,1266873.2586642061,103.84182284367272,
ECU,2022Q4,1.0,2153939.1835803916,2118817.595746924,101.65760317943209,
ECU,2022Q4,2.0,1897963.7504410036,1925415.4601389077,98.57424486993972,
ECU,2022Q4,3.0,1610930.1908102655,1574126.5597253859,102.33803507459402,
ECU,2022Q4,4.0,1258310.970736171,1251989.100059634,100.50494614339978,
ECU,2022Q4,5.0,1226451.445396542,1266873.2586642061,96.8093246115018,
ECU,2023Q1,1.0,2155066.3417826393,2118817.595746924,101.71080068942588,
ECU,2023Q1,2.0,1951216.5780842083,1925415.4601389077,101.34002860574513,
ECU,2023Q1,3.0,1567437.8393031142,1574126.5597253859,99.57508369444966,
ECU,2023Q1,4.0,1274389.6906506643,1251989.100059634,101.78920012881608,
ECU,2023Q1,5.0,1207114.3342047478,1266873.2586642061,95.28295951858134,
ECU,2023Q2,1.0,2114991.178521528,2118817.595746924,99.81940789839216,
ECU,2023Q2,2.0,1819952.4998468081,1925415.4601389077,94.52258681435481,
ECU,2023Q2,3.0,1636370.3093651636,1574126.5597253859,103.95417695325821,
ECU,2023Q2,4.0,1260039.662437528,1251989.100059634,100.64302176253055,
ECU,2023Q2,5.0,1198350.6190645476,1266873.2586642061,94.59120009590312,
ECU,2023Q3,1.0,2117900.370353948,2118817.595746924,99.95671050708577,
ECU,2023Q3,2.0,1871584.2227901998,1925415.4601389077,97.2041754902693,
ECU,2023Q3,3.0,1711311.6817950085,1574126.5597253859,108.71499951652905,
ECU,2023Q3,4.0,1310429.0941757122,1251989.100059634,104.66777179715818,
ECU,2023Q3,5.0,1217214.449417503,1266873.2586642061,96.0802070051535,
ECU,2023Q4,1.0,2097854.6061814753,2118817.595746924,99.01062792722094,
ECU,2023Q4,2.0,1974791.9925422051,1925415.4601389077,102.56446119944083,
ECU,2023Q4,3.0,1689107.5524875468,1574126.5597253859,107.30443127661984,
ECU,2023Q4,4.0,1255787.22083135,1251989.100059634,100.30336692001032,
ECU,2023Q4,5.0,1187780.3056234175,1266873.2586642061,93.75683774995895,
ECU,2024Q1,1.0,2125729.8605340617,2118817.595746924,100.32623217784355,
ECU,2024Q1,2.0,1966536.7648157957,1925415.4601389077,102.1357107350702,
ECU,2024Q1,3.0,1618435.1557916685,1574126.5597253859,102.81480518783779,
ECU,2024Q1,4.0,1226155.763637546,1251989.100059634,97.93661650721579,
ECU,2024Q1,5.0,1181352.385179069,1266873.2586642061,93.24945310035902,
ECU,2024Q2,1.0,2097877.399497095,2118817.595746924,99.01170368360816,
ECU,2024Q2,2.0,1972534.256778636,1925415.4601389077,102.44720153209578,
ECU,2024Q2,3.0,1639034.861075117,1574126.5597253859,104.12344871184021,
ECU,2024Q2,4.0,1315915.9786398923,1251989.100059634,105.10602517044384,
ECU,2024Q2,5.0,1204018.4435683726,1266873.2586642061,95.03858695682725,
ECU,2024Q3,1.0,2213245.0883844234,2118817.595746924,104.45661263277415,
ECU,2024Q3,2.0,1913771.905858497,1925415.4601389077,99.39527055217627,
ECU,2024Q3,3.0,1716430.4245641583,1574126.5597253859,109.04017939088698,
ECU,2024Q3,4.0,1285035.6771585944,1251989.100059634,102.63952594294841,
ECU,2024Q3,5.0,1168207.2766813342,1266873.2586642061,92.21185060872581,
ECU,2024Q4,1.0,2139682.5789715876,2118817.595746924,100.98474655234814,
ECU,2024Q4,2.0,2000785.4330102652,1925415.4601389077,103.91447842980963,
ECU,2024Q4,3.0,1650123.56918937,1574126.5597253859,104.82788432699097,
ECU,2024Q4,4.0,1276437.8475650204,1251989.100059634,101.95279236090968,
ECU,2024Q4,5.0,1135377.7209818126,1266873.2586642061,89.62046623187527,
ECU,2025Q1,1.0,2197253.8239313103,2118817.595746924,103.70188676655461,
ECU,2025Q1,2.0,1879393.5544878044,1925415.4601389077,97.60976752270479,
ECU,2025Q1,3.0,1608171.5256157233,1574126.5597253859,102.1627845410522,
ECU,2025Q1,4.0,1278188.3179065855,1251989.100059634,102.0926075031886,
ECU,2025Q1,5.0,1188308.4289301606,1266873.2586642061,93.79852489609857,
ECU,2025Q2,1.0,2070393.0416058612,2118817.595746924,97.7145482349087,
ECU,2025Q2,2.0,2078775.2882366867,1925415.4601389077,107.9650252775427,
ECU,2025Q2,3.0,1647336.9330282998,1574126.5597253859,104.65085687364845,
ECU,2025Q2,4.0,1296534.2383763853,1251989.100059634,103.55794937149449,
ECU,2025Q2,5.0,1205903.422794849,1266873.2586642061,95.18737683881307,
ECU,2025Q3,1.0,2071675.0042112547,2118817.595746924,97.77505191431777,
ECU,2025Q3,2.0,2120881.478888255,1925415.4601389077,110.15188788061594,
ECU,2025Q3,3.0,1706925.2096234213,1574126.5597253859,108.4363388113598,
ECU,2025Q3,4.0,1321038.6239459615,1251989.100059634,105.51518570593294,
ECU,2025Q3,5.0,1196459.1690584805,1266873.2586642061,94.44189944620267,
ECU,2025Q4,1.0,2165416.98630305,2118817.595746924,102.19931109925008,
ECU,2025Q4,2.0,1952525.1411685757,1925415.4601389077,101.40799124089885,
ECU,2025Q4,3.0,1830612.741030761,1574126.5597253859,116.29387292405005,
ECU,2025Q4,4.0,1267613.042014903,1251989.100059634,101.24792955102602,
ECU,2025Q4,5.0,1125520.1644150803,1266873.2586642061,88.84236498936218,
ECU,2026Q1,1.0,2134004.3507093377,2118817.595746924,100.71675612817722,
ECU,2026Q1,2.0,1979095.9251721604,1925415.4601389077,102.78799387169042,
ECU,2026Q1,3.0,1680391.9062909023,1574126.5597253859,106.75074986245419,
ECU,2026Q1,4.0,1344202.3597531025,1251989.100059634,107.36534045616501,
ECU,2026Q1,5.0,1159726.8703599279,1266873.2586642061,91.54245402438649,
GEO,2021Q1,1.0,86861.00189850882,122110.38189755863,71.1331833941676,
GEO,2021Q1,2.0,176391.83805249602,222022.85497599788,79.4476037485263,
GEO,2021Q1,3.0,329242.50398621557,355226.2613499736,92.68529379978511,
GEO,2021Q1,4.0,310247.6673398668,333770.08064518345,92.95250992544106,
GEO,2021Q1,5.0,216541.03690651915,239581.98948919834,90.38285280466877,
GEO,2021Q2,1.0,92328.26359869649,122110.38189755863,75.61049450828261,
GEO,2021Q2,2.0,217901.74508809313,222022.85497599788,98.1438352874301,
GEO,2021Q2,3.0,337074.62261697283,355226.2613499736,94.89011914152441,
GEO,2021Q2,4.0,316850.2931675891,333770.08064518345,94.9307057586204,
GEO,2021Q2,5.0,239729.8742429436,239581.98948919834,100.06172615648637,
GEO,2021Q3,1.0,111346.9190955056,122110.38189755863,91.18546463061365,
GEO,2021Q3,2.0,230487.35192638173,222022.85497599788,103.81244397172486,
GEO,2021Q3,3.0,357060.74514211854,355226.2613499736,100.51642685007953,
GEO,2021Q3,4.0,324730.63211192464,333770.08064518345,97.29171394997856,
GEO,2021Q3,5.0,248775.45678917755,239581.98948919834,103.83729483154396,
GEO,2021Q4,1.0,100530.92350827578,122110.38189755863,82.32790852510281,
GEO,2021Q4,2.0,223537.7567299524,222022.85497599788,100.68231793259226,
GEO,2021Q4,3.0,343708.0618415298,355226.2613499736,96.75750338258466,
GEO,2021Q4,4.0,326149.23018532904,333770.08064518345,97.71673648964486,
GEO,2021Q4,5.0,238768.97445119615,239581.98948919834,99.66065268940476,
GEO,2022Q1,1.0,94805.39916983302,122110.38189755863,77.63909808206773,
GEO,2022Q1,2.0,210377.9558800713,222022.85497599788,94.75508992207786,
GEO,2022Q1,3.0,336015.47313548165,355226.2613499736,94.59195721017787,
GEO,2022Q1,4.0,313457.88693678327,333770.08064518345,93.91431560637899,
GEO,2022Q1,5.0,236919.63186105297,239581.98948919834,98.88874884384187,
GEO,2022Q2,1.0,115539.04502925952,122110.38189755863,94.61852729785745,
GEO,2022Q2,2.0,218760.97567405077,222022.85497599788,98.53083625003393,
GEO,2022Q2,3.0,349055.3044938558,355226.2613499736,98.262809502691,
GEO,2022Q2,4.0,338047.9200107024,333770.08064518345,101.28167250858729,
GEO,2022Q2,5.0,237101.09627005042,239581.98948919834,98.96449093505011,
GEO,2022Q3,1.0,146741.21358135712,122110.38189755863,120.1709562291451,
GEO,2022Q3,2.0,231448.2682883803,222022.85497599788,104.24524462285711,
GEO,2022Q3,3.0,379800.9432064892,355226.2613499736,106.91803634199903,
GEO,2022Q3,4.0,344339.7468353478,333770.08064518345,103.16675064755145,
GEO,2022Q3,5.0,243652.05384285253,239581.98948919834,101.69881899817753,
GEO,2022Q4,1.0,131355.8698097849,122110.38189755863,107.57141839092971,
GEO,2022Q4,2.0,227504.22006148918,222022.85497599788,102.46882920503111,
GEO,2022Q4,3.0,356033.3245640678,355226.2613499736,100.22719694513212,
GEO,2022Q4,4.0,339234.76879790035,333770.08064518345,101.63726123748228,
GEO,2022Q4,5.0,240655.17598283748,239581.98948919834,100.44794122293051,
GEO,2023Q1,1.0,130875.0303574526,122110.38189755863,107.17764396744485,
GEO,2023Q1,2.0,214416.31849526882,222022.85497599788,96.57398492531259,
GEO,2023Q1,3.0,345528.8375576371,355226.2613499736,97.27007126233201,
GEO,2023Q1,4.0,326584.0908957104,333770.08064518345,97.84702399460659,
GEO,2023Q1,5.0,244986.85865133957,239581.98948919834,102.25595804328393,
GEO,2023Q2,1.0,150388.03959106855,122110.38189755863,123.15745578228781,
GEO,2023Q2,2.0,213463.89851184253,222022.85497599788,96.14501107776466,
GEO,2023Q2,3.0,358401.44806479645,355226.2613499736,100.893849092901,
GEO,2023Q2,4.0,338526.0660226208,333770.08064518345,101.42492861200859,
GEO,2023Q2,5.0,257590.2845170643,239581.98948919834,107.51654791174438,
GEO,2023Q3,1.0,158693.83749033036,122110.38189755863,129.95933271542995,
GEO,2023Q3,2.0,224446.5834064049,222022.85497599788,101.09165717676636,
GEO,2023Q3,3.0,364506.3607551467,355226.2613499736,102.6124474496637,
GEO,2023Q3,4.0,343667.4646034559,333770.08064518345,102.96532988790985,
GEO,2023Q3,5.0,263639.7880358103,239581.98948919834,110.04157223917561,
GEO,2023Q4,1.0,148897.3490367751,122110.38189755863,121.9366827971177,
GEO,2023Q4,2.0,226024.46567498447,222022.85497599788,101.80234179018154,
GEO,2023Q4,3.0,350617.2106247964,355226.2613499736,98.70250281956594,
GEO,2023Q4,4.0,365055.7380613945,333770.08064518345,109.37341578242582,
GEO,2023Q4,5.0,268476.441855786,239581.98948919834,112.06036080933805,
GEO,2024Q1,1.0,161943.05973895738,122110.38189755863,132.62022214852735,
GEO,2024Q1,2.0,250768.01695059988,222022.85497599788,112.94693826800378,
GEO,2024Q1,3.0,342026.74522170983,355226.2613499736,96.28419473320993,
GEO,2024Q1,4.0,361670.70238811104,333770.08064518345,108.35923390406809,
GEO,2024Q1,5.0,273493.8484177342,239581.98948919834,114.15459442541477,
GEO,2024Q2,1.0,165343.7923269105,122110.38189755863,135.4051881236613,
GEO,2024Q2,2.0,241123.00524788382,222022.85497599788,108.6027856339163,
GEO,2024Q2,3.0,345558.34882258595,355226.2613499736,97.2783789997264,
GEO,2024Q2,4.0,353329.47257619747,333770.08064518345,105.86013937894174,
GEO,2024Q2,5.0,273107.74846548995,239581.98948919834,113.99343875880248,
GEO,2024Q3,1.0,169250.5747917238,122110.38189755863,138.60457412516504,
GEO,2024Q3,2.0,229705.1470235247,222022.85497599788,103.46013569114646,
GEO,2024Q3,3.0,358459.6829180369,355226.2613499736,100.91024282826817,
GEO,2024Q3,4.0,357088.77708681504,333770.08064518345,106.98645498618573,
GEO,2024Q3,5.0,283984.55299543403,239581.98948919834,118.53334785344438,
GEO,2024Q4,1.0,153215.53465413075,122110.38189755863,125.47297967069416,
GEO,2024Q4,2.0,239925.7931683788,222022.85497599788,108.06355642724996,
GEO,2024Q4,3.0,355870.7366338678,355226.2613499736,100.18142670011078,
GEO,2024Q4,4.0,367415.4578767635,333770.08064518345,110.08040539959212,
GEO,2024Q4,5.0,284984.5279057007,239581.98948919834,118.95073102669488,
GEO,2025Q1,1.0,152508.93375423786,122110.38189755863,124.89432215696559,
GEO,2025Q1,2.0,237725.9655293153,222022.85497599788,107.07274508068775,
GEO,2025Q1,3.0,349072.74242117646,355226.2613499736,98.2677184661371,
GEO,2025Q1,4.0,372520.10956059233,333770.08064518345,111.60979703168852,
GEO,2025Q1,5.0,271223.08173492353,239581.98948919834,113.20679084149259,
GEO,2025Q2,1.0,160138.35395204052,122110.38189755863,131.1422922961493,
GEO,2025Q2,2.0,233477.62847540682,222022.85497599788,105.15927673331075,
GEO,2025Q2,3.0,352547.2271251348,355226.2613499736,99.24582315095239,
GEO,2025Q2,4.0,356905.6146160249,333770.08064518345,106.93157814688483,
GEO,2025Q2,5.0,250375.67650952528,239581.98948919834,104.50521637429411,
GEO,2025Q3,1.0,165821.96694195148,122110.38189755863,135.79678022877985,
GEO,2025Q3,2.0,234584.60143950867,222022.85497599788,105.65786187411598,
GEO,2025Q3,3.0,348743.4068796026,355226.2613499736,98.17500698125919,
GEO,2025Q3,4.0,373210.88880327914,333770.08064518345,111.8167596334147,
GEO,2025Q3,5.0,263929.2027672343,239581.98948919834,110.1623721089993,
GEO,2025Q4,1.0,153678.2247000904,122110.38189755863,125.8518909792738,
GEO,2025Q4,2.0,234642.83097864175,222022.85497599788,105.68408869618767,
GEO,2025Q4,3.0,357764.9007296704,355226.2613499736,100.71465419534276,
GEO,2025Q4,4.0,358210.26143201767,333770.08064518345,107.32246004183207,
GEO,2025Q4,5.0,286842.04399269214,239581.98948919834,119.72604643790412,
IND,2021Q3,1.0,100114792.22,102447374.02249998,97.72314144236856,
IND,2021Q3,2.0,163767259.31,170684993.72125,95.94707521708234,
IND,2021Q3,3.0,42251380.02,48988064.60374999,86.24831448590378,
IND,2021Q3,4.0,65162792.50999999,55354531.7675,117.71898420836912,
IND,2021Q3,5.0,44141018.92999999,54270015.3425,81.3359249143831,
IND,2021Q4,1.0,95345627.52999999,102447374.02249998,93.06790773286167,
IND,2021Q4,2.0,170840185.01999992,170684993.72125,100.09092263787605,
IND,2021Q4,3.0,45660034.69,48988064.60374999,93.20644744659859,
IND,2021Q4,4.0,63434995.79000001,55354531.7675,114.59765580971683,
IND,2021Q4,5.0,45378153.99,54270015.3425,83.61551715734159,
IND,2022Q1,1.0,98840559.28499998,102447374.02249998,96.4793487662184,
IND,2022Q1,2.0,165445542.73999998,170684993.72125,96.93033882650124,
IND,2022Q1,3.0,45287952.13499999,48988064.60374999,92.44691028584387,
IND,2022Q1,4.0,61436511.06500001,55354531.7675,110.98731956228178,
IND,2022Q1,5.0,49844789.89500001,54270015.3425,91.84591082281396,
IND,2022Q2,1.0,102335143.36,102447374.02249998,99.8904504253322,
IND,2022Q2,2.0,156990892.64000005,170684993.72125,91.97697420101609,
IND,2022Q2,3.0,47163339.879999995,48988064.60374999,96.27516469876969,
IND,2022Q2,4.0,55923894.86999999,55354531.7675,101.02857541075666,
IND,2022Q2,5.0,53469041.98,54270015.3425,98.52409593502964,
IND,2022Q3,1.0,105629053.61999999,102447374.02249998,103.10567218326283,
IND,2022Q3,2.0,174784450.00500005,170684993.72125,102.40176725227818,
IND,2022Q3,3.0,50429938.684999995,48988064.60374999,102.94331709756834,
IND,2022Q3,4.0,52094186.055,55354531.7675,94.11006541217962,
IND,2022Q3,5.0,56701154.98499999,54270015.3425,104.4797106231811,
IND,2022Q4,1.0,102984739.82499996,102447374.02249998,100.52452862518659,
IND,2022Q4,2.0,185519089.49999997,170684993.72125,108.69091972020452,
IND,2022Q4,3.0,53071027.714999996,48988064.60374999,108.33460791781813,
IND,2022Q4,4.0,51963535.08,55354531.7675,93.87403961478194,
IND,2022Q4,5.0,57065074.51,54270015.3425,105.15028261897528,
IND,2023Q1,1.0,106006725.08500001,102447374.02249998,103.47432142254647,
IND,2023Q1,2.0,180228412.39499995,170684993.72125,105.59124646267121,
IND,2023Q1,3.0,55000497.57,48988064.60374999,112.27326087462897,
IND,2023Q1,4.0,57099069.300000004,55354531.7675,103.15157129289325,
IND,2023Q1,5.0,60132588.434999995,54270015.3425,110.80260076489951,
IND,2023Q2,1.0,113295799.60000001,102447374.02249998,110.5892666171389,
IND,2023Q2,2.0,175312197.59500003,170684993.72125,102.71096115298035,
IND,2023Q2,3.0,56040340.215,48988064.60374999,114.39590575437872,
IND,2023Q2,4.0,51472465.950000025,55354531.7675,92.98690514842504,
IND,2023Q2,5.0,59814090.889999986,54270015.3425,110.21572504174013,
IND,2023Q3,1.0,119796191.84999998,102447374.02249998,116.93437044437056,
IND,2023Q3,2.0,197763730.795,170684993.72125,115.86474386727457,
IND,2023Q3,3.0,58344113.545,48988064.60374999,119.09862946603081,
IND,2023Q3,4.0,54083689.615,55354531.7675,97.7041768543219,
IND,2023Q3,5.0,63680316.01,54270015.3425,117.33977889652556,
IND,2023Q4,1.0,110530303.16499998,102447374.02249998,107.88983536144596,
IND,2023Q4,2.0,197263769.36499998,170684993.72125,115.57182917155356,
IND,2023Q4,3.0,57327184.62999999,48988064.60374999,117.0227586937812,
IND,2023Q4,4.0,52234795.254999995,55354531.7675,94.3640811097391,
IND,2023Q4,5.0,62052402.66499999,54270015.3425,114.34012368226739,
IND,2024Q1,1.0,116424548.67499997,102447374.02249998,113.64327273965094,
IND,2024Q1,2.0,192626118.49499983,170684993.72125,112.85474738897224,
IND,2024Q1,3.0,61522172.41,48988064.60374999,125.58604408570682,
IND,2024Q1,4.0,55227579.43,55354531.7675,99.7706559274438,
IND,2024Q1,5.0,63794116.815,54270015.3425,117.54947259991185,
IND,2024Q2,1.0,113901460.935,102447374.02249998,111.18045925704686,
IND,2024Q2,2.0,182835011.26500002,170684993.72125,107.11838649599888,
IND,2024Q2,3.0,61061462.76,48988064.60374999,124.64559123514711,
IND,2024Q2,4.0,53592400.855,55354531.7675,96.81664561828235,
IND,2024Q2,5.0,60043827.13,54270015.3425,110.63904579916048,
IND,2024Q3,1.0,114992372.01000002,102447374.02249998,112.24530946468657,
IND,2024Q3,2.0,191138887.17499995,170684993.72125,111.98341635536732,
IND,2024Q3,3.0,59053054.635000005,48988064.60374999,120.54580051827472,
IND,2024Q3,4.0,55589840.99000001,55354531.7675,100.42509477541668,
IND,2024Q3,5.0,63412198.53500002,54270015.3425,116.84573541172482,
IND,2024Q4,1.0,114001007.6,102447374.02249998,111.27762784330866,
IND,2024Q4,2.0,192725204.80999997,170684993.72125,112.91279954273215,
IND,2024Q4,3.0,59025364.215,48988064.60374999,120.48927568875963,
IND,2024Q4,4.0,57944482.92,55354531.7675,104.67884212873177,
IND,2024Q4,5.0,62259080.91999999,54270015.3425,114.72095691714976,
IND,2025Q1,1.0,121641585.27999991,102447374.02249998,118.73567911392674,
IND,2025Q1,2.0,181254424.3599994,170684993.72125,106.19236079769883,
IND,2025Q1,3.0,62913705.84,48988064.60374999,128.4266001298284,
IND,2025Q1,4.0,53128896.52000001,55354531.7675,95.97930796913232,
IND,2025Q1,5.0,65303085.679999955,54270015.3425,120.32995617906104,
IND,2025Q2,1.0,113733885.17275421,102447374.02249998,111.0168867264235,
IND,2025Q2,2.0,173272230.5243355,170684993.72125,101.51579629039375,
IND,2025Q2,3.0,67224399.52171071,48988064.60374999,137.2260775465801,
IND,2025Q2,4.0,52983440.3809211,55354531.7675,95.71653609764428,
IND,2025Q2,5.0,63769263.121694334,54270015.3425,117.50367623676581,
IND,2025Q3,1.0,113463763.60762742,102447374.02249998,110.753218118317,
IND,2025Q3,2.0,180510975.28361616,170684993.72125,105.7567928780038,
IND,2025Q3,3.0,66468132.56571611,48988064.60374999,135.6822995628777,
IND,2025Q3,4.0,51690648.931184545,55354531.7675,93.38106073825269,
IND,2025Q3,5.0,61674846.20533654,54270015.3425,113.64442375058195,
IND,2025Q4,1.0,111761269.94669978,102447374.02249998,109.09139547310822,
IND,2025Q4,2.0,193927148.4621558,170684993.72125,113.61698778210295,
IND,2025Q4,3.0,68893434.3409641,48988064.60374999,140.6331009363664,
IND,2025Q4,4.0,50294233.594621405,55354531.7675,90.85838501148767,
IND,2025Q4,5.0,63063223.08582723,54270015.3425,116.20269993998157,
MEX,2021Q1,1.0,8195559.0,8611116.75,95.17417122465562,
MEX,2021Q1,2.0,12633766.0,13766746.0,91.77016849152298,
MEX,2021Q1,3.0,6515827.0,7118338.0,91.53579107932217,
MEX,2021Q1,4.0,6564342.0,7134946.5,92.00268004812649,
MEX,2021Q1,5.0,13974328.0,15297674.0,91.34936461582329,
MEX,2021Q2,1.0,8537862.0,8611116.75,99.1493002344905,
MEX,2021Q2,2.0,13004224.0,13766746.0,94.46113119251274,
MEX,2021Q2,3.0,6879281.0,7118338.0,96.64167394130484,
MEX,2021Q2,4.0,6795194.0,7134946.5,95.23819134453215,
MEX,2021Q2,5.0,14837770.0,15297674.0,96.99363445710766,
MEX,2021Q3,1.0,8729499.0,8611116.75,101.3747607126567,
MEX,2021Q3,2.0,13379572.0,13766746.0,97.1876142699226,
MEX,2021Q3,3.0,6713827.0,7118338.0,94.31733924407635,
MEX,2021Q3,4.0,6909631.0,7134946.5,96.84208564142702,
MEX,2021Q3,5.0,14916066.0,15297674.0,97.50545082866846,
MEX,2021Q4,1.0,8676779.0,8611116.75,100.7625288555053,
MEX,2021Q4,2.0,13498409.0,13766746.0,98.05083205573779,
MEX,2021Q4,3.0,6932901.0,7118338.0,97.39493966147715,
MEX,2021Q4,4.0,7140733.0,7134946.5,100.0811008183453,
MEX,2021Q4,5.0,14982785.0,15297674.0,97.94158902850198,
MEX,2022Q1,1.0,8512880.0,8611116.75,98.85918687608086,
MEX,2022Q1,2.0,13307111.0,13766746.0,96.66126621352642,
MEX,2022Q1,3.0,6930650.0,7118338.0,97.3633171113819,
MEX,2022Q1,4.0,7065394.0,7134946.5,99.0251854025815,
MEX,2022Q1,5.0,14866547.0,15297674.0,97.18174802260788,
MEX,2022Q2,1.0,8640821.0,8611116.75,100.34495235475701,
MEX,2022Q2,2.0,13707603.0,13766746.0,99.57039230621383,
MEX,2022Q2,3.0,7210240.0,7118338.0,101.29105979513757,
MEX,2022Q2,4.0,7104178.0,7134946.5,99.5687634097887,
MEX,2022Q2,5.0,15323634.0,15297674.0,100.16969900129915,
MEX,2022Q3,1.0,8696731.0,8611116.75,100.99422934894014,
MEX,2022Q3,2.0,13862988.0,13766746.0,100.69909040233618,
MEX,2022Q3,3.0,7105935.0,7118338.0,99.82575988945734,
MEX,2022Q3,4.0,7035225.0,7134946.5,98.60235111783949,
MEX,2022Q3,5.0,15444607.0,15297674.0,100.9604924251883,
MEX,2022Q4,1.0,8594035.0,8611116.75,99.80163142022201,
MEX,2022Q4,2.0,14189282.0,13766746.0,103.06925107792357,
MEX,2022Q4,3.0,7226527.0,7118338.0,101.51986320402318,
MEX,2022Q4,4.0,7334989.0,7134946.5,102.8037000697903,
MEX,2022Q4,5.0,15555908.0,15297674.0,101.68806055090467,
MEX,2023Q1,1.0,8617662.0,8611116.75,100.07600930506487,
MEX,2023Q1,2.0,14061117.0,13766746.0,102.13827581332582,
MEX,2023Q1,3.0,7440503.0,7118338.0,104.5258457802931,
MEX,2023Q1,4.0,7300024.0,7134946.5,102.31364734129401,
MEX,2023Q1,5.0,15548869.0,15297674.0,101.64204701969724,
MEX,2023Q2,1.0,8472144.0,8611116.75,98.3861239600543,
MEX,2023Q2,2.0,14086641.0,13766746.0,102.3236791032536,
MEX,2023Q2,3.0,7435941.0,7118338.0,104.46175778671932,
MEX,2023Q2,4.0,7319947.0,7134946.5,102.59287858710644,
MEX,2023Q2,5.0,15742811.0,15297674.0,102.90983452778508,
MEX,2023Q3,1.0,8689660.0,8611116.75,100.9121145640024,
MEX,2023Q3,2.0,14182758.0,13766746.0,103.02186152050746,
MEX,2023Q3,3.0,7439558.0,7118338.0,104.51257020950678,
MEX,2023Q3,4.0,7500123.0,7134946.5,105.11813928808016,
MEX,2023Q3,5.0,15788707.0,15297674.0,103.20985399479686,
MEX,2023Q4,1.0,8707657.0,8611116.75,101.12111184649773,
MEX,2023Q4,2.0,13986960.0,13766746.0,101.59960821533281,
MEX,2023Q4,3.0,7490780.0,7118338.0,105.23214829079484,
MEX,2023Q4,4.0,7528964.0,7134946.5,105.52236095953909,
MEX,2023Q4,5.0,16042674.0,15297674.0,104.87002141632773,
MEX,2024Q1,1.0,8610017.0,8611116.75,99.98722871804056,
MEX,2024Q1,2.0,13803576.0,13766746.0,100.26752872465288,
MEX,2024Q1,3.0,7467622.0,7118338.0,104.90681954130304,
MEX,2024Q1,4.0,7613670.0,7134946.5,106.70955977035007,
MEX,2024Q1,5.0,16060688.0,15297674.0,104.9877778804804,
MEX,2024Q2,1.0,8634608.0,8611116.75,100.27280143426229,
MEX,2024Q2,2.0,13718035.0,13766746.0,99.64616910924339,
MEX,2024Q2,3.0,7463234.0,7118338.0,104.8451759385407,
MEX,2024Q2,4.0,7694596.0,7134946.5,107.8437799078101,
MEX,2024Q2,5.0,16119245.0,15297674.0,105.37056156380375,
MEX,2024Q3,1.0,8687714.0,8611116.75,100.88951586912349,
MEX,2024Q3,2.0,13878066.0,13766746.0,100.80861519490517,
MEX,2024Q3,3.0,7684448.0,7118338.0,107.95283955327774,
MEX,2024Q3,4.0,7646746.0,7134946.5,107.17313717769292,
MEX,2024Q3,5.0,15990375.0,15297674.0,104.52814591290154,
MEX,2024Q4,1.0,8463761.0,8611116.75,98.28877305606152,
MEX,2024Q4,2.0,13788677.0,13766746.0,100.15930416672175,
MEX,2024Q4,3.0,7682812.0,7118338.0,107.92985666036088,
MEX,2024Q4,4.0,7679139.0,7134946.5,107.62714198347528,
MEX,2024Q4,5.0,16229137.0,15297674.0,106.08891913894884,
MEX,2025Q1,1.0,8514926.0,8611116.75,98.8829468605219,
MEX,2025Q1,2.0,13451946.0,13766746.0,97.7133303687015,
MEX,2025Q1,3.0,7690621.0,7118338.0,108.03955923419203,
MEX,2025Q1,4.0,7574611.0,7134946.5,106.16212749457897,
MEX,2025Q1,5.0,16174382.0,15297674.0,105.73098890720249,
MEX,2025Q2,1.0,8481620.0,8611116.75,98.4961677589611,
MEX,2025Q2,2.0,13672362.0,13766746.0,99.31440588792732,
MEX,2025Q2,3.0,7680988.0,7118338.0,107.90423270150981,
MEX,2025Q2,4.0,7791054.0,7134946.5,109.19568913375875,
MEX,2025Q2,5.0,16263948.0,15297674.0,106.31647660945056,
MEX,2025Q3,1.0,8569828.0,8611116.75,99.52051805591883,
MEX,2025Q3,2.0,13916764.0,13766746.0,101.08971284862814,
MEX,2025Q3,3.0,7688529.0,7118338.0,108.01017035156241,
MEX,2025Q3,4.0,7515425.0,7134946.5,105.33260480649714,
MEX,2025Q3,5.0,16279852.0,15297674.0,106.42044012704153,
MEX,2025Q4,1.0,8511307.0,8611116.75,98.84091979126865,
MEX,2025Q4,2.0,13868338.0,13766746.0,100.7379521638592,
MEX,2025Q4,3.0,7896676.0,7118338.0,110.93426583564872,
MEX,2025Q4,4.0,7542500.0,7134946.5,105.71207506601486,
MEX,2025Q4,5.0,16459116.0,15297674.0,107.59227840781546,
MEX,2026Q1,1.0,8616828.0,8611116.75,100.06632415011677,
MEX,2026Q1,2.0,13574892.0,13766746.0,98.6063954401425,
MEX,2026Q1,3.0,7868233.0,7118338.0,110.53469222731486,
MEX,2026Q1,4.0,7567724.0,7134946.5,106.06560259421707,
MEX,2026Q1,5.0,16382467.0,15297674.0,107.09122837890257,
MEX,2026Q2,1.0,8600445.0,8611116.75,99.87607008115411,
MEX,2026Q2,2.0,13914209.0,13766746.0,101.07115363354565,
MEX,2026Q2,3.0,7933675.0,7118338.0,111.45403604043528,
MEX,2026Q2,4.0,7591087.0,7134946.5,106.39304723588327,
MEX,2026Q2,5.0,16287578.0,15297674.0,106.47094453705837,
NGA,2024Q1,1.0,5613867.718292236,,,
NGA,2024Q1,2.0,32790551.473495483,,,
NGA,2024Q1,3.0,11168143.681419373,,,
NGA,2024Q1,4.0,31144589.054855347,,,
NGA,2024Q1,5.0,5310883.80015564,,,
NGA,2024Q3,1.0,5870291.600662231,,,
NGA,2024Q3,2.0,36583981.98378754,,,
NGA,2024Q3,3.0,12039356.388244629,,,
NGA,2024Q3,4.0,28310902.05139923,,,
NGA,2024Q3,5.0,6059122.822052002,,,
NGA,2024Q4,1.0,6055266.630638123,,,
NGA,2024Q4,2.0,37809092.01189041,,,
NGA,2024Q4,3.0,12023458.220993042,,,
NGA,2024Q4,4.0,28840920.20727539,,,
NGA,2024Q4,5.0,4807271.067840576,,,
NGA,2025Q1,1.0,6622728.7543029785,,,
NGA,2025Q1,2.0,37713493.9743042,,,
NGA,2025Q1,3.0,11573186.739624023,,,
NGA,2025Q1,4.0,30858341.37802124,,,
NGA,2025Q1,5.0,6203523.065490723,,,
NGA,2025Q2,1.0,5436648.652267456,,,
NGA,2025Q2,2.0,33554470.26132202,,,
NGA,2025Q2,3.0,10318166.143936157,,,
NGA,2025Q2,4.0,29073793.18636322,,,
NGA,2025Q2,5.0,4913983.868057251,,,
PER,2022Q1,1.0,3802506.0528267957,3829693.1779634524,99.29009652018352,
PER,2022Q1,2.0,3651505.4666341343,3677087.3699730868,99.3042889448901,
PER,2022Q1,3.0,2237564.5529407864,2290287.2144179,97.69798909301804,
PER,2022Q1,4.0,4323468.367843989,4465536.771499619,96.8185593149215,
PER,2022Q1,5.0,2071305.890952333,2084080.25273037,99.38705039015167,
PER,2022Q2,1.0,3881628.6258240617,3829693.1779634524,101.3561255548996,
PER,2022Q2,2.0,3738393.9501355183,3677087.3699730868,101.66725927327857,
PER,2022Q2,3.0,2269359.8434749055,2290287.2144179,99.08625560972214,
PER,2022Q2,4.0,4555640.65998763,4465536.771499619,102.0177616510311,
PER,2022Q2,5.0,2031108.0328093155,2084080.25273037,97.45824471722453,
PER,2022Q3,1.0,3765770.8946341206,3829693.1779634524,98.33087716537844,
PER,2022Q3,2.0,3686631.5435973816,3677087.3699730868,100.25955797793199,
PER,2022Q3,3.0,2347289.4568381724,2290287.2144179,102.48886873495297,
PER,2022Q3,4.0,4514845.409515421,4465536.771499619,101.10420405292605,
PER,2022Q3,5.0,2066597.452142668,2084080.25273037,99.16112632587937,
PER,2022Q4,1.0,3868867.1385688325,3829693.1779634524,101.02290075953843,
PER,2022Q4,2.0,3631818.519525312,3677087.3699730868,98.76889380389932,
PER,2022Q4,3.0,2306935.0044177356,2290287.2144179,100.72688656230686,
PER,2022Q4,4.0,4468192.648651436,4465536.771499619,100.05947498112137,
PER,2022Q4,5.0,2167309.635017163,2084080.25273037,103.99357856674443,
PER,2023Q1,1.0,3567310.8007386676,3829693.1779634524,93.14873633390354,
PER,2023Q1,2.0,3547175.9147239192,3677087.3699730868,96.46700112948041,
PER,2023Q1,3.0,2201575.037603205,2290287.2144179,96.12659162325883,
PER,2023Q1,4.0,4514957.332662569,4465536.771499619,101.10671042904332,
PER,2023Q1,5.0,2161882.4517659973,2084080.25273037,103.73316713373673,
PER,2023Q2,1.0,3628108.4989028494,3829693.1779634524,94.73627077436524,
PER,2023Q2,2.0,3596399.4813093077,3677087.3699730868,97.8056575613984,
PER,2023Q2,3.0,2290658.141966384,2290287.2144179,100.0161956782603,
PER,2023Q2,4.0,4585030.867716811,4465536.771499619,102.67591786456308,
PER,2023Q2,5.0,2162304.4003713327,2084080.25273037,103.753413408072,
PER,2023Q3,1.0,3469748.0274191955,3829693.1779634524,90.60120135431664,
PER,2023Q3,2.0,3552337.3770984276,3677087.3699730868,96.60736935724286,
PER,2023Q3,3.0,2301024.333583939,2290287.2144179,100.46881103376232,
PER,2023Q3,4.0,4669586.450589208,4465536.771499619,104.56943228845174,
PER,2023Q3,5.0,2165613.988849905,2084080.25273037,103.91221672067171,
PER,2023Q4,1.0,3295011.319085856,3829693.1779634524,86.03851969253765,
PER,2023Q4,2.0,3655066.8009890867,3677087.3699730868,99.40114099099686,
PER,2023Q4,3.0,2329179.5110389767,2290287.2144179,101.69814058150612,
PER,2023Q4,4.0,4762164.930637598,4465536.771499619,106.64260926102206,
PER,2023Q4,5.0,2126602.780462,2084080.25273037,102.04034982222593,
PER,2024Q1,1.0,3426551.1639382783,3829693.1779634524,89.47325555099545,
PER,2024Q1,2.0,3768501.4508108534,3677087.3699730868,102.48604592820527,
PER,2024Q1,3.0,2236969.4379373034,2290287.2144179,97.67200479726087,
PER,2024Q1,4.0,4554895.052938137,4465536.771499619,102.0010647322138,
PER,2024Q1,5.0,2148127.506125169,2084080.25273037,103.0731663673167,
PER,2024Q2,1.0,3422792.098676245,3829693.1779634524,89.37509976964817,
PER,2024Q2,2.0,3663336.063587784,3677087.3699730868,99.62602720572822,
PER,2024Q2,3.0,2439634.667060662,2290287.2144179,106.5209049634729,
PER,2024Q2,4.0,4686332.335019889,4465536.771499619,104.94443501013032,
PER,2024Q2,5.0,2104336.845834111,2084080.25273037,100.97196799773917,
PER,2024Q3,1.0,3397900.891995767,3829693.1779634524,88.72514674407147,
PER,2024Q3,2.0,3667941.2870106576,3677087.3699730868,99.75126827180895,
PER,2024Q3,3.0,2344584.342230144,2290287.2144179,102.37075627329318,
PER,2024Q3,4.0,4719927.680265277,4465536.771499619,105.69675991449127,
PER,2024Q3,5.0,2167504.7399485055,2084080.25273037,104.00294024708695,
PER,2024Q4,1.0,3527432.7749331607,3829693.1779634524,92.10745119819161,
PER,2024Q4,2.0,3688795.4521823353,3677087.3699730868,100.31840641875567,
PER,2024Q4,3.0,2347727.903785455,2290287.2144179,102.50801248882465,
PER,2024Q4,4.0,4797763.388207566,4465536.771499619,107.43979131083,
PER,2024Q4,5.0,2146597.4662157423,2084080.25273037,102.99975077271942,
PER,2025Q1,1.0,3569377.943619651,3829693.1779634524,93.20271305697048,
PER,2025Q1,2.0,3764778.7918981668,3677087.3699730868,102.38480659016057,
PER,2025Q1,3.0,2286661.958540015,2290287.2144179,99.84171173575685,
PER,2025Q1,4.0,4658204.2390983,4465536.771499619,104.31454218064763,
PER,2025Q1,5.0,2130753.993748919,2084080.25273037,102.23953664727648,
PER,2025Q2,1.0,3502760.3309178688,3829693.1779634524,91.46321044916085,
PER,2025Q2,2.0,3658740.211023136,3677087.3699730868,99.50104098423733,
PER,2025Q2,3.0,2392945.7836890486,2290287.2144179,104.48234477426624,
PER,2025Q2,4.0,4775576.548347115,4465536.771499619,106.94294533249085,
PER,2025Q2,5.0,2112363.447068685,2084080.25273037,101.35710677653901,
PER,2025Q3,1.0,3549534.39406011,3829693.1779634524,92.68456320429502,
PER,2025Q3,2.0,3609223.355622627,3677087.3699730868,98.15440843465852,
PER,2025Q3,3.0,2364448.2959106774,2290287.2144179,103.23806905203486,
PER,2025Q3,4.0,4830518.6831291,4465536.771499619,108.17330435971111,
PER,2025Q3,5.0,2288735.472601195,2084080.25273037,109.81992989966218,
PER,2025Q4,1.0,3572056.894909,3829693.1779634524,93.27266516970798,
PER,2025Q4,2.0,3615088.495837001,3677087.3699730868,98.31391348918262,
PER,2025Q4,3.0,2443853.839474,2290287.2144179,106.70512519518783,
PER,2025Q4,4.0,4973461.100345999,4465536.771499619,111.3743174636497,
PER,2025Q4,5.0,2334438.592195,2084080.25273037,112.0128934160109,
PER,2026Q1,1.0,3677336.861923054,3829693.1779634524,96.02170960020828,
PER,2026Q1,2.0,3633205.689592947,3677087.3699730868,98.80661850086904,
PER,2026Q1,3.0,2354189.4840360507,2290287.2144179,102.79014218024145,
PER,2026Q1,4.0,4813780.974495071,4465536.771499619,107.79848472456996,
PER,2026Q1,5.0,2176717.7272998905,2084080.25273037,104.44500515026499,
PER,2026Q2,1.0,3533513.921269074,3829693.1779634524,92.26624058557401,
PER,2026Q2,2.0,3576409.0383937284,3677087.3699730868,97.26200871914297,
PER,2026Q2,3.0,2398464.720644499,2290287.2144179,104.72331616513405,
PER,2026Q2,4.0,5029233.344615914,4465536.771499619,112.62326573400927,
PER,2026Q2,5.0,2384991.233747332,2084080.25273037,114.43855056074429,
PHL,2021Q1,1.0,9575440.527000006,11107463.528050002,86.20726507738573,
PHL,2021Q1,2.0,9171343.663100002,9566699.108399995,95.86737869749815,
PHL,2021Q1,3.0,6910842.509300003,8035652.574774999,86.00225613280088,
PHL,2021Q1,4.0,3896947.3464,3848742.3157,101.25248787125496,
PHL,2021Q1,5.0,11604472.036600005,13190198.120925006,87.97799646534956,
PHL,2021Q2,1.0,10556515.831600001,11107463.528050002,95.03984239913392,
PHL,2021Q2,2.0,9047115.224599997,9566699.108399995,94.56882799477012,
PHL,2021Q2,3.0,6905629.451699999,8035652.574774999,85.93738202890584,
PHL,2021Q2,4.0,4196308.0493,3848742.3157,109.03063143983921,
PHL,2021Q2,5.0,12463776.914199999,13190198.120925006,94.49271951743766,
PHL,2021Q3,1.0,9754852.248500012,11107463.528050002,87.82250082447536,
PHL,2021Q3,2.0,8631434.478299981,9566699.108399995,90.22374782040747,
PHL,2021Q3,3.0,7319019.034199996,8035652.574774999,91.08182522942053,
PHL,2021Q3,4.0,3971197.1632000003,3848742.3157,103.18168475453594,
PHL,2021Q3,5.0,11909890.465100013,13190198.120925006,90.29349184836045,
PHL,2021Q4,1.0,10796240.368299998,11107463.528050002,97.19807173830405,
PHL,2021Q4,2.0,9157733.5072,9566699.108399995,95.72511274196025,
PHL,2021Q4,3.0,7041599.350299994,8035652.574774999,87.6294648726418,
PHL,2021Q4,4.0,4040658.3995000008,3848742.3157,104.98646227930422,
PHL,2021Q4,5.0,12697663.476000007,13190198.120925006,96.26590411751557,
PHL,2022Q1,1.0,10103388.014299996,11107463.528050002,90.96035281849556,
PHL,2022Q1,2.0,8957799.2728,9566699.108399995,93.63521493985995,
PHL,2022Q1,3.0,7817938.481599991,8035652.574774999,97.29064825601792,
PHL,2022Q1,4.0,3762206.9721,3848742.3157,97.75159424815216,
PHL,2022Q1,5.0,12536971.05940002,13190198.120925006,95.04763267741443,
PHL,2022Q2,1.0,11052884.067500003,11107463.528050002,99.50862354477088,
PHL,2022Q2,2.0,9503375.167000001,9566699.108399995,99.33807951224898,
PHL,2022Q2,3.0,7925868.236700001,8035652.574774999,98.63378441198881,
PHL,2022Q2,4.0,4033841.6161,3848742.3157,104.80934511112716,
PHL,2022Q2,5.0,13036349.531699996,13190198.120925006,98.8336142655739,
PHL,2022Q3,1.0,11821810.014800005,11107463.528050002,106.431229640737,
PHL,2022Q3,2.0,9752607.56449999,9566699.108399995,101.94328737627755,
PHL,2022Q3,3.0,8081733.017399998,8035652.574774999,100.57344991207873,
PHL,2022Q3,4.0,3931924.4016999993,3848742.3157,102.16127969026864,
PHL,2022Q3,5.0,13694335.167999994,13190198.120925006,103.8220581863378,
PHL,2022Q4,1.0,11451772.0156,11107463.528050002,103.09979399599652,
PHL,2022Q4,2.0,10053014.429299988,9566699.108399995,105.0834181716135,
PHL,2022Q4,3.0,8317070.563400006,8035652.574774999,103.50211741991454,
PHL,2022Q4,4.0,3666996.2729000007,3848742.3157,95.27778095045203,
PHL,2022Q4,5.0,13493136.724600013,13190198.120925006,102.29669487067387,
PHL,2023Q1,1.0,11306300.918499995,11107463.528050002,101.79012418044734,
PHL,2023Q1,2.0,9555104.578099992,9566699.108399995,99.87880323015676,
PHL,2023Q1,3.0,8786821.3474,8035652.574774999,109.34794984769528,
PHL,2023Q1,4.0,3827946.4721999993,3848742.3157,99.4596717110634,
PHL,2023Q1,5.0,13787078.040099986,13190198.120925006,104.52517781539677,
PHL,2023Q2,1.0,11495259.696599998,11107463.528050002,103.49131165338228,
PHL,2023Q2,2.0,9686057.743800003,9566699.108399995,101.24764701019191,
PHL,2023Q2,3.0,8554717.8457,8035652.574774999,106.45952853355577,
PHL,2023Q2,4.0,4132246.9506000006,3848742.3157,107.36616306432137,
PHL,2023Q2,5.0,14107524.632799996,13190198.120925006,106.95460753102516,
PHL,2023Q3,1.0,10130757.676700002,11107463.528050002,91.20676067147558,
PHL,2023Q3,2.0,9175246.697699994,9566699.108399995,95.90817683022676,
PHL,2023Q3,3.0,8488311.700599996,8035652.574774999,105.63313460372783,
PHL,2023Q3,4.0,3916472.329999999,3848742.3157,101.75979602541098,
PHL,2023Q3,5.0,12741735.386700017,13190198.120925006,96.60003033985105,
PHL,2023Q4,1.0,10848255.930200007,11107463.528050002,97.66636552804869,
PHL,2023Q4,2.0,10156003.48100001,9566699.108399995,106.15995513105015,
PHL,2023Q4,3.0,8424306.628200002,8035652.574774999,104.83662091919007,
PHL,2023Q4,4.0,4063317.0621999996,3848742.3157,105.57519129365181,
PHL,2023Q4,5.0,14201250.140499998,13190198.120925006,107.66517690110396,
PHL,2024Q1,1.0,10399590.463599995,11107463.528050002,93.62705029224364,
PHL,2024Q1,2.0,9367096.7736,9566699.108399995,97.91357151993279,
PHL,2024Q1,3.0,8784054.050000008,8035652.574774999,109.3135121044723,
PHL,2024Q1,4.0,3914099.2371,3848742.3157,101.69813710659173,
PHL,2024Q1,5.0,13342131.625000032,13190198.120925006,101.15186673226687,
PHL,2024Q2,1.0,10690351.480100002,11107463.528050002,96.24475878856902,
PHL,2024Q2,2.0,10064893.313199991,9566699.108399995,105.20758726865947,
PHL,2024Q2,3.0,9203205.899599995,8035652.574774999,114.52966406848032,
PHL,2024Q2,4.0,3888636.6782,3848742.3157,101.03655582077451,
PHL,2024Q2,5.0,14415464.563999984,13190198.120925006,109.2892194024835,
PHL,2024Q3,1.0,10318485.348399997,11107463.528050002,92.89686454826004,
PHL,2024Q3,2.0,10196327.405199993,9566699.108399995,106.58145813582824,
PHL,2024Q3,3.0,8978449.019499999,8035652.574774999,111.73266808080484,
PHL,2024Q3,4.0,3835386.9269,3848742.3157,99.65299342734586,
PHL,2024Q3,5.0,14252978.567700014,13190198.120925006,108.05735014009386,
PHL,2024Q4,1.0,10514003.167200007,11107463.528050002,94.65710277282196,
PHL,2024Q4,2.0,10156874.335000005,9566699.108399995,106.16905810366514,
PHL,2024Q4,3.0,8990989.026299996,8035652.574774999,111.88872269719485,
PHL,2024Q4,4.0,4014680.6136,3848742.3157,104.31149410089355,
PHL,2024Q4,5.0,14400644.567000005,13190198.120925006,109.17686326602434,
PHL,2025Q1,1.0,10536760.635100001,11107463.528050002,94.86198724390327,
PHL,2025Q1,2.0,10266373.271100009,9566699.108399995,107.31364240447019,
PHL,2025Q1,3.0,9242109.8215,8035652.574774999,115.01380548124035,
PHL,2025Q1,4.0,3959023.7111,3848742.3157,102.86538786839883,
PHL,2025Q1,5.0,14374014.256000005,13190198.120925006,108.97496856546063,
PHL,2025Q2,1.0,11051187.7147,11107463.528050002,99.49335135597892,
PHL,2025Q2,2.0,9756153.76,9566699.108399995,101.98035549621976,
PHL,2025Q2,3.0,9472231.206800003,8035652.574774999,117.87756026852901,
PHL,2025Q2,4.0,3957230.9719000002,3848742.3157,102.81880799754889,
PHL,2025Q2,5.0,14300422.311199997,13190198.120925006,108.41703953266422,
PHL,2025Q4,1.0,10856692.840599999,11107463.528050002,97.74232265704295,
PHL,2025Q4,2.0,10095970.626699995,9566699.108399995,105.53243613395634,
PHL,2025Q4,3.0,8994015.0472,8035652.574774999,111.92638013536612,
PHL,2025Q4,4.0,4168884.9047000012,3848742.3157,108.31810920918394,
PHL,2025Q4,5.0,14424688.740899991,13190198.120925006,109.35915145972359,
URY,2021Q3,1.0,296544.3333333333,292913.99999999994,101.23938539412025,
URY,2021Q3,2.0,252624.3333333333,265861.6666666667,95.02096955183458,
URY,2021Q3,3.0,330204.6666666667,341795.1666666666,96.60893390827158,
URY,2021Q3,4.0,303759.0,310709.75,97.7629443556245,
URY,2021Q3,5.0,423331.3333333334,436594.5833333334,96.96211302056541,
URY,2021Q4,1.0,301311.3333333335,292913.99999999994,102.86682553013293,
URY,2021Q4,2.0,260771.33333333334,265861.6666666667,98.08534513562817,
URY,2021Q4,3.0,348232.0,341795.1666666666,101.88324293643709,
URY,2021Q4,4.0,311349.0,310709.75,100.20573863549502,
URY,2021Q4,5.0,428594.3333333333,436594.5833333334,98.16757919007621,
URY,2022Q1,1.0,291747.33333333326,292913.99999999994,99.60170334409871,
URY,2022Q1,2.0,268148.3333333333,265861.6666666667,100.86009641605595,
URY,2022Q1,3.0,350585.3333333333,341795.1666666666,102.57176447297138,
URY,2022Q1,4.0,305971.0,310709.75,98.47486279397413,
URY,2022Q1,5.0,437307.00000000006,436594.5833333334,100.1631757914236,
URY,2022Q2,1.0,290849.66666666657,292913.99999999994,99.2952425171438,
URY,2022Q2,2.0,265779.6666666667,265861.6666666667,99.96915689236883,
URY,2022Q2,3.0,338104.6666666667,341795.1666666666,98.92025974621255,
URY,2022Q2,4.0,305634.3333333333,310709.75,98.36650872183229,
URY,2022Q2,5.0,434988.3333333333,436594.5833333334,99.63209575626509,
URY,2022Q3,1.0,293003.3333333334,292913.99999999994,100.0304981439376,
URY,2022Q3,2.0,266411.3333333334,265861.6666666667,100.20674912391783,
URY,2022Q3,3.0,334427.3333333333,341795.1666666666,97.84437170215496,
URY,2022Q3,4.0,313790.6666666667,310709.75,100.99157386167208,
URY,2022Q3,5.0,429489.3333333333,436594.5833333334,98.37257486207167,
URY,2022Q4,1.0,296055.6666666666,292913.99999999994,101.07255599481988,
URY,2022Q4,2.0,263107.3333333333,265861.6666666667,98.96399756765736,
URY,2022Q4,3.0,344063.3333333333,341795.1666666666,100.66360407866114,
URY,2022Q4,4.0,317443.0,310709.75,102.1670546225215,
URY,2022Q4,5.0,444593.6666666667,436594.5833333334,101.83215359023961,
URY,2023Q1,1.0,291216.0,292913.99999999994,99.42030766709685,
URY,2023Q1,2.0,272090.0,265861.6666666667,102.34269701661891,
URY,2023Q1,3.0,342786.3333333333,341795.1666666666,100.28998849700918,
URY,2023Q1,4.0,312860.6666666667,310709.75,100.69225914753775,
URY,2023Q1,5.0,443660.6666666667,436594.5833333334,101.61845419138847,
URY,2023Q2,1.0,300563.3333333334,292913.99999999994,102.61146047417789,
URY,2023Q2,2.0,280551.3333333333,265861.6666666667,105.5253045129986,
URY,2023Q2,3.0,342635.0,341795.1666666666,100.24571246618956,
URY,2023Q2,4.0,318484.0,310709.75,102.50209399608477,
URY,2023Q2,5.0,434305.99999999994,436594.5833333334,99.47581041526891,
URY,2023Q3,1.0,320780.3333333334,292913.99999999994,109.51348632476885,
URY,2023Q3,2.0,277404.0,265861.6666666667,104.34148084530175,
URY,2023Q3,3.0,348864.0,341795.1666666666,102.06814900347237,
URY,2023Q3,4.0,329234.3333333333,310709.75,105.9620218977143,
URY,2023Q3,5.0,423761.3333333333,436594.5833333334,97.06060256130066,
URY,2023Q4,1.0,317930.3333333333,292913.99999999994,108.54050449392429,
URY,2023Q4,2.0,274773.3333333333,265861.6666666667,103.35199383137846,
URY,2023Q4,3.0,358632.6666666667,341795.1666666666,104.92619605016847,
URY,2023Q4,4.0,325801.0,310709.75,104.85702492438682,
URY,2023Q4,5.0,429511.3333333333,436594.5833333334,98.37761386183023,
URY,2024Q1,1.0,305357.0,292913.99999999994,104.24800453375396,
URY,2024Q1,2.0,282043.99999999994,265861.6666666667,106.08674937467477,
URY,2024Q1,3.0,364089.6666666666,341795.1666666666,106.52276631569298,
URY,2024Q1,4.0,323632.3333333333,310709.75,104.15905304977824,
URY,2024Q1,5.0,433866.3333333333,436594.5833333334,99.37510676857914,
URY,2024Q2,1.0,292606.6666666667,292913.99999999994,99.89507728093118,
URY,2024Q2,2.0,281909.6666666667,265861.6666666667,106.03622184469367,
URY,2024Q2,3.0,358244.3333333334,341795.1666666666,104.81258024421061,
URY,2024Q2,4.0,331352.3333333333,310709.75,106.64368702087184,
URY,2024Q2,5.0,440282.00000000006,436594.5833333334,100.84458598604542,
URY,2024Q3,1.0,293805.33333333326,292913.99999999994,100.30429864510856,
URY,2024Q3,2.0,284855.6666666666,265861.6666666667,107.14431690666197,
URY,2024Q3,3.0,360523.6666666667,341795.1666666666,105.4794513868199,
URY,2024Q3,4.0,335142.6666666666,310709.75,107.86358222317344,
URY,2024Q3,5.0,452785.99999999994,436594.5833333334,103.70857021244916,
URY,2024Q4,1.0,307705.6666666666,292913.99999999994,105.04983260160549,
URY,2024Q4,2.0,286801.6666666667,265861.6666666667,107.87627650971369,
URY,2024Q4,3.0,369371.3333333333,341795.1666666666,108.06803880101678,
URY,2024Q4,4.0,336555.6666666667,310709.75,108.31834748239046,
URY,2024Q4,5.0,445076.0,436594.5833333334,101.94262984252171,
URY,2025Q1,1.0,306158.33333333326,292913.99999999994,104.52157743683583,
URY,2025Q1,2.0,282669.6666666666,265861.6666666667,106.32208479347027,
URY,2025Q1,3.0,365396.6666666667,341795.1666666666,106.90515908407133,
URY,2025Q1,4.0,351145.6666666667,310709.75,113.01404821273447,
URY,2025Q1,5.0,428131.6666666667,436594.5833333334,98.06160749818434,
URY,2025Q2,1.0,308380.9999999999,292913.99999999994,105.28038946585002,
URY,2025Q2,2.0,286023.3333333334,265861.6666666667,107.58351774419027,
URY,2025Q2,3.0,364742.6666666667,341795.1666666666,106.71381641343673,
URY,2025Q2,4.0,346573.3333333333,310709.75,111.54247117553707,
URY,2025Q2,5.0,435974.6666666666,436594.5833333334,99.85801091210666,
URY,2025Q3,1.0,302902.33333333326,292913.99999999994,103.40998836973763,
URY,2025Q3,2.0,292293.00000000006,265861.6666666667,109.9417616931111,
URY,2025Q3,3.0,375741.0,341795.1666666666,109.93163059161652,
URY,2025Q3,4.0,340483.3333333334,310709.75,109.58244256362516,
URY,2025Q3,5.0,445411.00000000006,436594.5833333334,102.0193600661178,
URY,2025Q4,1.0,296130.66666666674,292913.99999999994,101.09816077984215,
URY,2025Q4,2.0,292897.3333333333,265861.6666666667,110.169072888783,
URY,2025Q4,3.0,377611.6666666667,341795.1666666666,110.47893694615345,
URY,2025Q4,4.0,346353.3333333333,310709.75,111.47166554423647,
URY,2025Q4,5.0,447624.3333333334,436594.5833333334,102.52631398122018,
ZAF,2022Q1,1.0,3363589.9489691267,3497512.7738610287,96.17091248693112,
ZAF,2022Q1,2.0,1842990.856929,1894087.6050387819,97.3023028093394,
ZAF,2022Q1,3.0,3523563.4136496116,3566733.418428995,98.7896486864892,
ZAF,2022Q1,4.0,3108153.877673326,3348659.780410343,92.81784598889455,
ZAF,2022Q1,5.0,2374539.1985622477,2511171.7583860527,94.55901176940523,
ZAF,2022Q2,1.0,3557748.7369145732,3497512.7738610287,101.72225140973676,
ZAF,2022Q2,2.0,1881100.49055103,1894087.6050387819,99.31433401215432,
ZAF,2022Q2,3.0,3628616.48980758,3566733.418428995,101.73500691301572,
ZAF,2022Q2,4.0,3279826.4767380278,3348659.780410343,97.94445216337026,
ZAF,2022Q2,5.0,2513097.69714345,2511171.7583860527,100.07669482387915,
ZAF,2022Q3,1.0,3483335.2954572444,3497512.7738610287,99.59464112583831,
ZAF,2022Q3,2.0,1901567.539295706,1894087.6050387819,100.39490962493105,
ZAF,2022Q3,3.0,3632641.3758639884,3566733.418428995,101.84785207367763,
ZAF,2022Q3,4.0,3421177.230752431,3348659.780410343,102.16556637871412,
ZAF,2022Q3,5.0,2568037.787551833,2511171.7583860527,102.26452169095468,
ZAF,2022Q4,1.0,3585377.114103171,3497512.7738610287,102.51219497749385,
ZAF,2022Q4,2.0,1950691.5333793918,1894087.6050387819,102.98845355357525,
ZAF,2022Q4,3.0,3482112.3943948,3566733.418428995,97.62749232681742,
ZAF,2022Q4,4.0,3585481.5364775867,3348659.780410343,107.07213546902109,
ZAF,2022Q4,5.0,2589012.3502866807,2511171.7583860527,103.09977171576097,
ZAF,2023Q1,1.0,3615163.6960452604,3497512.7738610287,103.36384538931513,
ZAF,2023Q1,2.0,1948980.839241402,1894087.6050387819,102.89813597093341,
ZAF,2023Q1,3.0,3625671.218873386,3566733.418428995,101.65243076872143,
ZAF,2023Q1,4.0,3441478.474123753,3348659.780410343,102.77181618319065,
ZAF,2023Q1,5.0,2717522.6445445977,2511171.7583860527,108.21731470455723,
ZAF,2023Q2,1.0,3700670.572616335,3497512.7738610287,105.80863636220643,
ZAF,2023Q2,2.0,1861061.075486266,1894087.6050387819,98.25633569088059,
ZAF,2023Q2,3.0,3766812.140617523,3566733.418428995,105.60957881390121,
ZAF,2023Q2,4.0,3512497.26369205,3348659.780410343,104.89262851485111,
ZAF,2023Q2,5.0,2609899.177688525,2511171.7583860527,103.9315279400054,
ZAF,2023Q3,1.0,3780704.44434627,3497512.7738610287,108.09694456591265,
ZAF,2023Q3,2.0,1789794.0132617,1894087.6050387819,94.49372924992313,
ZAF,2023Q3,3.0,3953575.715754476,3566733.418428995,110.845842734607,
ZAF,2023Q3,4.0,3458041.435273138,3348659.780410343,103.26643081219171,
ZAF,2023Q3,5.0,2767490.135134096,2511171.7583860527,110.20712246751215,
ZAF,2023Q4,1.0,3708621.2635404333,3497512.7738610287,106.0359605047662,
ZAF,2023Q4,2.0,1922600.4846708248,1894087.6050387819,101.50536224175644,
ZAF,2023Q4,3.0,3653952.314208178,3566733.418428995,102.44534383558161,
ZAF,2023Q4,4.0,3752173.461747323,3348659.780410343,112.05000530951322,
ZAF,2023Q4,5.0,2804027.8387550567,2511171.7583860527,111.66212862146972,
ZAF,2024Q1,1.0,3661401.839152781,3497512.7738610287,104.68587467404241,
ZAF,2024Q1,2.0,1954550.2667985728,1894087.6050387819,103.1921787355001,
ZAF,2024Q1,3.0,3884784.539978972,3566733.418428995,108.91715427642097,
ZAF,2024Q1,4.0,3601138.3646633187,3348659.780410343,107.53969052723647,
ZAF,2024Q1,5.0,2692091.4325353634,2511171.7583860527,107.20459178250671,
ZAF,2024Q2,1.0,3677447.4913159697,3497512.7738610287,105.14464789949301,
ZAF,2024Q2,2.0,2034318.0804418332,1894087.6050387819,107.4035897299576,
ZAF,2024Q2,3.0,3664916.538243752,3566733.418428995,102.75274623293834,
ZAF,2024Q2,4.0,3577894.4389973497,3348659.780410343,106.84556430390539,
ZAF,2024Q2,5.0,2741307.7372685974,2511171.7583860527,109.16448578692422,
ZAF,2024Q3,1.0,3848276.98976581,3497512.7738610287,110.02896168174848,
ZAF,2024Q3,2.0,2045633.255015045,1894087.6050387819,108.000984198044,
ZAF,2024Q3,3.0,3935191.501069488,3566733.418428995,110.33040710967359,
ZAF,2024Q3,4.0,3639215.7894182596,3348659.780410343,108.67678498447854,
ZAF,2024Q3,5.0,2677549.561939919,2511171.7583860527,106.62550472695656,
ZAF,2024Q4,1.0,4002723.550294475,3497512.7738610287,114.444858649529,
ZAF,2024Q4,2.0,2017649.720690591,1894087.6050387819,106.5235692015037,
ZAF,2024Q4,3.0,3860732.528971692,3566733.418428995,108.24281144824644,
ZAF,2024Q4,4.0,3648656.459036995,3348659.780410343,108.95870880588207,
ZAF,2024Q4,5.0,2722364.8407513583,2511171.7583860527,108.41014086989577,
ZAF,2025Q1,1.0,3760538.2959884107,3497512.7738610287,107.52035915617311,
ZAF,2025Q1,2.0,2014485.4880960127,1894087.6050387819,106.3565107937426,
ZAF,2025Q1,3.0,3724389.137495541,3566733.418428995,104.42017108012482,
ZAF,2025Q1,4.0,3740940.003753754,3348659.780410343,111.71454399871405,
ZAF,2025Q1,5.0,2737555.5784262815,2511171.7583860527,109.01506714083655,
ZAF,2025Q2,1.0,3697601.238419678,3497512.7738610287,105.72087873571266,
ZAF,2025Q2,2.0,2043490.5247113532,1894087.6050387819,107.88785689083859,
ZAF,2025Q2,3.0,3713164.971360931,3566733.418428995,104.10548072293089,
ZAF,2025Q2,4.0,3710605.026411816,3348659.780410343,110.80865987398458,
ZAF,2025Q2,5.0,2741691.816798278,2511171.7583860527,109.1797806200394,
ZAF,2025Q3,1.0,3798354.7010822203,3497512.7738610287,108.60159623917774,
ZAF,2025Q3,2.0,2084547.488927728,1894087.6050387819,110.055494971947,
ZAF,2025Q3,3.0,3819087.722989424,3566733.418428995,107.07522191752645,
ZAF,2025Q3,4.0,3716859.1883305483,3348659.780410343,110.99542599323382,
ZAF,2025Q3,5.0,2747403.244041001,2511171.7583860527,109.40722134461946,
ZAF,2025Q4,1.0,3836891.34551266,3497512.7738610287,109.70342622300073,
ZAF,2025Q4,2.0,2027472.878845288,1894087.6050387819,107.04219136705532,
ZAF,2025Q4,3.0,3912426.671279393,3566733.418428995,109.69215279909152,
ZAF,2025Q4,4.0,3650720.28322305,3348659.780410343,109.02034015458247,
ZAF,2025Q4,5.0,2741485.9378297157,2511171.7583860527,109.17158209805957,
ZAF,2026Q1,1.0,3748373.518297286,3497512.7738610287,107.17254691136762,
ZAF,2026Q1,2.0,1986048.7461945731,1894087.6050387819,104.85516830959402,
ZAF,2026Q1,3.0,3787809.27756263,3566733.418428995,106.19827257039609,
ZAF,2026Q1,4.0,3687404.262352123,3348659.780410343,110.11582257246421,
ZAF,2026Q1,5.0,2639629.927751533,2511171.7583860527,105.11546726887536,
ZAF,2026Q2,1.0,3716202.3884102833,3497512.7738610287,106.25271810824111,
ZAF,2026Q2,2.0,2147093.162583119,1894087.6050387819,113.35764812943573,
ZAF,2026Q2,3.0,3674348.868607114,3566733.418428995,103.0171991442388,
ZAF,2026Q2,4.0,3720747.6667957907,3348659.780410343,111.11154643305844,
ZAF,2026Q2,5.0,2632197.741649165,2511171.7583860527,104.81950240396525,
ALL,2021Q1,1.0,,,88.21945369240474,6.0
ALL,2021Q1,2.0,,,92.57415802339102,6.0
ALL,2021Q1,3.0,,,87.45240538093607,6.0
ALL,2021Q1,4.0,,,92.96015775051443,6.0
ALL,2021Q1,5.0,,,90.11339639333454,6.0
ALL,2021Q2,1.0,,,93.48008822208546,6.0
ALL,2021Q2,2.0,,,93.96284791809613,6.0
ALL,2021Q2,3.0,,,89.84059176503321,6.0
ALL,2021Q2,4.0,,,96.1513746397523,6.0
ALL,2021Q2,5.0,,,93.63475465511135,6.0
ALL,2021Q3,1.0,,,96.98492634107993,9.0
ALL,2021Q3,2.0,,,95.8726844376861,9.0
ALL,2021Q3,3.0,,,89.06493412009084,9.0
ALL,2021Q3,4.0,,,110.14155120147517,9.0
ALL,2021Q3,5.0,,,88.41226189009731,9.0
ALL,2021Q4,1.0,,,94.74006011665053,9.0
ALL,2021Q4,2.0,,,99.73042056888333,9.0
ALL,2021Q4,3.0,,,93.62077421379155,9.0
ALL,2021Q4,4.0,,,108.91457013149603,9.0
ALL,2021Q4,5.0,,,90.94446242736336,9.0
ALL,2022Q1,1.0,,,96.47744242973823,12.0
ALL,2022Q1,2.0,,,97.06044292372786,12.0
ALL,2022Q1,3.0,,,94.47230320993076,12.0
ALL,2022Q1,4.0,,,104.79945430817563,12.0
ALL,2022Q1,5.0,,,94.54694862907479,12.0
ALL,2022Q2,1.0,,,100.03865109383965,12.0
ALL,2022Q2,2.0,,,94.04582079343518,12.0
ALL,2022Q2,3.0,,,98.1061762211117,12.0
ALL,2022Q2,4.0,,,100.72842138081486,12.0
ALL,2022Q2,5.0,,,99.37318823933047,12.0
ALL,2022Q3,1.0,,,102.6322921518653,12.0
ALL,2022Q3,2.0,,,101.95403717082782,12.0
ALL,2022Q3,3.0,,,102.17623711464783,12.0
ALL,2022Q3,4.0,,,97.20640789416498,12.0
ALL,2022Q3,5.0,,,102.90820922391408,12.0
ALL,2022Q4,1.0,,,100.85161432455678,12.0
ALL,2022Q4,2.0,,,106.93969911200915,12.0
ALL,2022Q4,3.0,,,105.24528345430976,12.0
ALL,2022Q4,4.0,,,97.26571641684455,12.0
ALL,2022Q4,5.0,,,103.17165390768062,12.0
ALL,2023Q1,1.0,,,102.16508628752874,12.0
ALL,2023Q1,2.0,,,104.23547387979862,12.0
ALL,2023Q1,3.0,,,107.33663804799852,12.0
ALL,2023Q1,4.0,,,102.11556887647113,12.0
ALL,2023Q1,5.0,,,105.83912241954492,12.0
ALL,2023Q2,1.0,,,107.17280112583917,12.0
ALL,2023Q2,2.0,,,102.17526362906831,12.0
ALL,2023Q2,3.0,,,108.98200827039712,12.0
ALL,2023Q2,4.0,,,97.55696913423418,12.0
ALL,2023Q2,5.0,,,106.02808216360448,12.0
ALL,2023Q3,1.0,,,110.77345547638461,12.0
ALL,2023Q3,2.0,,,111.7532983399701,12.0
ALL,2023Q3,3.0,,,111.84459394179258,12.0
ALL,2023Q3,4.0,,,100.93274153548417,12.0
ALL,2023Q3,5.0,,,108.5574430605681,12.0
ALL,2023Q4,1.0,,,105.1477348787033,12.0
ALL,2023Q4,2.0,,,112.0617170451739,12.0
ALL,2023Q4,3.0,,,110.80113808521378,12.0
ALL,2023Q4,4.0,,,99.85719561663058,12.0
ALL,2023Q4,5.0,,,108.92413731008361,12.0
ALL,2024Q1,1.0,,,108.49373505551357,12.0
ALL,2024Q1,2.0,,,109.49561606788085,12.0
ALL,2024Q1,3.0,,,114.97304077156157,12.0
ALL,2024Q1,4.0,,,102.08051925469628,12.0
ALL,2024Q1,5.0,,,109.32038755816366,12.0
ALL,2024Q2,1.0,,,107.26504345754468,12.0
ALL,2024Q2,2.0,,,105.60507786557726,12.0
ALL,2024Q2,3.0,,,115.71856280904883,12.0
ALL,2024Q2,4.0,,,101.19566455700343,12.0
ALL,2024Q2,5.0,,,107.58143648183429,12.0
ALL,2024Q3,1.0,,,108.04627162617955,12.0
ALL,2024Q3,2.0,,,109.41654008305994,12.0
ALL,2024Q3,3.0,,,114.45008451962924,12.0
ALL,2024Q3,4.0,,,103.52998556703433,12.0
ALL,2024Q3,5.0,,,110.36925500912106,12.0
ALL,2024Q4,1.0,,,107.75725590611354,12.0
ALL,2024Q4,2.0,,,110.13503273221379,12.0
ALL,2024Q4,3.0,,,114.3980990087835,12.0
ALL,2024Q4,4.0,,,106.53032950246345,12.0
ALL,2024Q4,5.0,,,110.05307417598088,12.0
ALL,2025Q1,1.0,,,112.20807119119289,12.0
ALL,2025Q1,2.0,,,104.934354502868,12.0
ALL,2025Q1,3.0,,,117.7155441286598,12.0
ALL,2025Q1,4.0,,,101.19477042743179,12.0
ALL,2025Q1,5.0,,,112.43673254394476,12.0
ALL,2025Q2,1.0,,,107.22628075360218,12.0
ALL,2025Q2,2.0,,,101.38864941767146,12.0
ALL,2025Q2,3.0,,,123.32890618004892,12.0
ALL,2025Q2,4.0,,,102.02784651209613,12.0
ALL,2025Q2,5.0,,,111.65271716239465,12.0
ALL,2025Q3,1.0,,,108.02690894185118,11.0
ALL,2025Q3,2.0,,,104.90594054358428,11.0
ALL,2025Q3,3.0,,,123.31664528035904,11.0
ALL,2025Q3,4.0,,,100.73710789843742,11.0
ALL,2025Q3,5.0,,,110.17423913190542,11.0
ALL,2025Q4,1.0,,,106.39210528020891,12.0
ALL,2025Q4,2.0,,,110.70053689666602,12.0
ALL,2025Q4,3.0,,,125.43195890459087,12.0
ALL,2025Q4,4.0,,,100.04902052722635,12.0
ALL,2025Q4,5.0,,,111.58889143109735,12.0
ALL,2026Q1,1.0,,,100.41520283160632,7.0
ALL,2026Q1,2.0,,,100.29505971109349,7.0
ALL,2026Q1,3.0,,,108.5818726290898,7.0
ALL,2026Q1,4.0,,,110.61209126126091,7.0
ALL,2026Q1,5.0,,,106.96883399674385,7.0
ALL,2026Q2,1.0,,,100.69280923126695,5.0
ALL,2026Q2,2.0,,,101.5443888709808,5.0
ALL,2026Q2,3.0,,,110.25804246564276,5.0
ALL,2026Q2,4.0,,,113.26229843382558,5.0
ALL,2026Q2,5.0,,,107.56851247395456,5.0
