k,coef,se,period,n_cells,n_clusters,subset
-3,-0.015948520971581392,0.029740380090941893,2022Q1,38877.0,433.0,all
-2,-0.005635120270796693,0.024913938924427486,2022Q2,38877.0,433.0,all
-1,-0.007960917666025058,0.025222673302487564,2022Q3,38877.0,433.0,all
0,0.0,0.0,2022Q4,,,all
1,0.02823164179279341,0.02916696393965327,2023Q1,38877.0,433.0,all
2,0.044412841172076674,0.029126477813096456,2023Q2,38877.0,433.0,all
3,0.06358340119311334,0.031118521507018115,2023Q3,38877.0,433.0,all
4,0.0914285150367608,0.036069661085327276,2023Q4,38877.0,433.0,all
5,0.11617341912274932,0.03916074820295562,2024Q1,38877.0,433.0,all
6,0.10997307375046979,0.03936631696000198,2024Q2,38877.0,433.0,all
7,0.10649599543300542,0.04070257541100541,2024Q3,38877.0,433.0,all
8,0.12519028294270476,0.04241747546865133,2024Q4,38877.0,433.0,all
9,0.16584284654773887,0.0482880668610203,2025Q1,38877.0,433.0,all
10,0.19627382231902027,0.04643257612467855,2025Q2,38877.0,433.0,all
11,0.18230497352625544,0.049267562348024437,2025Q3,38877.0,433.0,all
12,0.19870438104529015,0.053514631642580905,2025Q4,38877.0,433.0,all
13,0.21181472569443116,0.0553546303735807,2026Q1,38877.0,433.0,all
14,0.19595055360335784,0.0628170081709747,2026Q2,38877.0,433.0,all
-3,-0.0694637609204003,0.049250864199844056,2022Q1,16439.0,261.0,young
-2,-0.05773664576939196,0.044936517576603885,2022Q2,16439.0,261.0,young
-1,-0.03080531255009588,0.04020052045871107,2022Q3,16439.0,261.0,young
0,0.0,0.0,2022Q4,,,young
1,0.06139233333419488,0.04986090128936886,2023Q1,16439.0,261.0,young
2,0.08208040610256181,0.04599443638142436,2023Q2,16439.0,261.0,young
3,0.09942833917794273,0.04947681815260497,2023Q3,16439.0,261.0,young
4,0.16721230124662811,0.05405099379507226,2023Q4,16439.0,261.0,young
5,0.16491539365028382,0.0607931537639239,2024Q1,16439.0,261.0,young
6,0.11098560348196781,0.06123984450532737,2024Q2,16439.0,261.0,young
7,0.11203684949945622,0.06547621354322643,2024Q3,16439.0,261.0,young
8,0.1428070289044482,0.0691690428995798,2024Q4,16439.0,261.0,young
9,0.13761095558951106,0.08885290872782614,2025Q1,16439.0,261.0,young
10,0.16772778216261047,0.06689968206199486,2025Q2,16439.0,261.0,young
11,0.20014543074099614,0.06086034309937318,2025Q3,16439.0,261.0,young
12,0.22628556178389753,0.07226917073132648,2025Q4,16439.0,261.0,young
13,0.1908170457800756,0.06736088109684353,2026Q1,16439.0,261.0,young
14,0.16538953333974768,0.07951040653928564,2026Q2,16439.0,261.0,young
-3,0.004378872115850479,0.03366105865892119,2022Q1,22438.0,433.0,older
-2,0.0141552831783459,0.028454202749999265,2022Q2,22438.0,433.0,older
-1,0.0007163674418617821,0.027552115298057088,2022Q3,22438.0,433.0,older
0,0.0,0.0,2022Q4,,,older
1,0.015635782881234395,0.0318700774158567,2023Q1,22438.0,433.0,older
2,0.03010507763180179,0.031691983507169647,2023Q2,22438.0,433.0,older
3,0.04996794986916279,0.033071767000736815,2023Q3,22438.0,433.0,older
4,0.06264256895082733,0.039242762459446606,2023Q4,22438.0,433.0,older
5,0.09765911783162441,0.04190557097948812,2024Q1,22438.0,433.0,older
6,0.10958847134777464,0.04354060003484017,2024Q2,22438.0,433.0,older
7,0.10439134040843977,0.044629955781571945,2024Q3,22438.0,433.0,older
8,0.11849868405557273,0.04260626265798482,2024Q4,22438.0,433.0,older
9,0.17656653470943182,0.048039845145979955,2025Q1,22438.0,433.0,older
10,0.20711683787690258,0.050799172533566785,2025Q2,22438.0,433.0,older
11,0.17552839946976775,0.054430888064382316,2025Q3,22438.0,433.0,older
12,0.1882278606517393,0.05630845665557626,2025Q4,22438.0,433.0,older
13,0.21979054891696054,0.06359419554354137,2026Q1,22438.0,433.0,older
14,0.2082879421545439,0.06946396584883781,2026Q2,22438.0,433.0,older
-3,0.04537969199000913,0.12889931758197706,2022Q1,2244.0,31.0,country_ARG
-2,0.29442962181905064,0.10717170439083479,2022Q2,2244.0,31.0,country_ARG
-1,0.07556090353577616,0.15357147517530242,2022Q3,2244.0,31.0,country_ARG
0,0.0,0.0,2022Q4,,,country_ARG
1,0.09874577083857664,0.08988350317921467,2023Q1,2244.0,31.0,country_ARG
2,0.12739945372718914,0.10905826908505667,2023Q2,2244.0,31.0,country_ARG
3,0.1597002941999184,0.12720028291880703,2023Q3,2244.0,31.0,country_ARG
4,0.04189072472421612,0.10678407742783765,2023Q4,2244.0,31.0,country_ARG
5,0.20299741437839108,0.1442854181859032,2024Q1,2244.0,31.0,country_ARG
6,0.1604207533770047,0.1157639840316349,2024Q2,2244.0,31.0,country_ARG
7,0.1836950299855709,0.19261832530440826,2024Q3,2244.0,31.0,country_ARG
8,0.1956033569291835,0.1443522660179421,2024Q4,2244.0,31.0,country_ARG
9,0.15417232144633727,0.18364464719685475,2025Q1,2244.0,31.0,country_ARG
10,0.2541126723296595,0.18680155263844433,2025Q2,2244.0,31.0,country_ARG
11,0.28873845704550993,0.1469300596588234,2025Q3,2244.0,31.0,country_ARG
12,0.00455029618505548,0.1722071483687103,2025Q4,2244.0,31.0,country_ARG
13,0.1035237396063503,0.1727029238661403,2026Q1,2244.0,31.0,country_ARG
-3,-0.03605249257763854,0.043676843534244385,2022Q1,12240.0,111.0,country_BRA
-2,-0.0650531060506442,0.03074857695973049,2022Q2,12240.0,111.0,country_BRA
-1,-0.02839765331075561,0.02730401325166232,2022Q3,12240.0,111.0,country_BRA
0,0.0,0.0,2022Q4,,,country_BRA
1,0.05763195856424658,0.033737072229951835,2023Q1,12240.0,111.0,country_BRA
2,0.018911360304041287,0.04207638557537091,2023Q2,12240.0,111.0,country_BRA
3,0.05126371204258695,0.0415860034034509,2023Q3,12240.0,111.0,country_BRA
4,0.08692101673012072,0.04997622064441619,2023Q4,12240.0,111.0,country_BRA
5,0.12110657951267159,0.05780587485804488,2024Q1,12240.0,111.0,country_BRA
6,0.0850605859172263,0.053365563752112904,2024Q2,12240.0,111.0,country_BRA
7,0.08735606457555072,0.05669443211394526,2024Q3,12240.0,111.0,country_BRA
8,0.11151578306775566,0.06252847697198934,2024Q4,12240.0,111.0,country_BRA
9,0.22520736068324013,0.06773577155087449,2025Q1,12240.0,111.0,country_BRA
10,0.2175739566252403,0.06918046594544816,2025Q2,12240.0,111.0,country_BRA
11,0.17965902142322313,0.07338359423821073,2025Q3,12240.0,111.0,country_BRA
12,0.24998463849110217,0.0802896098022957,2025Q4,12240.0,111.0,country_BRA
13,0.25066217936232416,0.08634954716420742,2026Q1,12240.0,111.0,country_BRA
14,0.2097245587114534,0.09070161600777162,2026Q2,12240.0,111.0,country_BRA
-3,-0.007487622417405975,0.11269975814519058,2022Q1,8892.0,101.0,country_COL
-2,0.08354735002828034,0.1080452451552901,2022Q2,8892.0,101.0,country_COL
-1,0.004593138944104389,0.08507087921315765,2022Q3,8892.0,101.0,country_COL
0,0.0,0.0,2022Q4,,,country_COL
1,-0.13067062800122445,0.13447565917920024,2023Q1,8892.0,101.0,country_COL
2,-0.0009539282655619172,0.12636703171904862,2023Q2,8892.0,101.0,country_COL
3,0.0360968291973409,0.11918269259893972,2023Q3,8892.0,101.0,country_COL
4,0.05951577794101841,0.10483413208142872,2023Q4,8892.0,101.0,country_COL
5,-0.030948008673104606,0.13792157457063856,2024Q1,8892.0,101.0,country_COL
6,0.033926620557930116,0.1578387227241257,2024Q2,8892.0,101.0,country_COL
7,0.07377192426960927,0.16010899026689188,2024Q3,8892.0,101.0,country_COL
8,0.027068420566025955,0.1341245004904897,2024Q4,8892.0,101.0,country_COL
9,-0.1276727971162195,0.13291028399607713,2025Q1,8892.0,101.0,country_COL
10,0.031222153392386504,0.1531618185188453,2025Q2,8892.0,101.0,country_COL
11,0.016782571848209117,0.16041792260332152,2025Q3,8892.0,101.0,country_COL
12,-0.08424727989274516,0.12943329252605287,2025Q4,8892.0,101.0,country_COL
13,0.11358794128164242,0.12823080523569844,2026Q1,8892.0,101.0,country_COL
14,0.04566055154174261,0.14619661669282719,2026Q2,8892.0,101.0,country_COL
-3,0.1606960341351636,0.1510142412040674,2022Q1,4845.0,82.0,country_ECU
-2,0.21682605912279765,0.10198413619377569,2022Q2,4845.0,82.0,country_ECU
-1,0.228579608575287,0.12406391645611607,2022Q3,4845.0,82.0,country_ECU
0,0.0,0.0,2022Q4,,,country_ECU
1,-0.08955972969205381,0.10075082781512079,2023Q1,4845.0,82.0,country_ECU
2,0.022933233397731928,0.13445543073312818,2023Q2,4845.0,82.0,country_ECU
3,0.014982220206181743,0.1307904874103859,2023Q3,4845.0,82.0,country_ECU
4,-0.05971671220230498,0.1344545426197859,2023Q4,4845.0,82.0,country_ECU
5,-0.1991227281976698,0.1633270095755398,2024Q1,4845.0,82.0,country_ECU
6,-0.05324281163738881,0.12874276700150838,2024Q2,4845.0,82.0,country_ECU
7,-0.26993075792078036,0.14403376611212967,2024Q3,4845.0,82.0,country_ECU
8,-0.2522934453410498,0.13570149675913956,2024Q4,4845.0,82.0,country_ECU
9,-0.15122533006548028,0.18282737942466534,2025Q1,4845.0,82.0,country_ECU
10,-0.07218271057373596,0.14563307993452676,2025Q2,4845.0,82.0,country_ECU
11,-0.13370341427110335,0.17607028527327007,2025Q3,4845.0,82.0,country_ECU
12,-0.2533968347414068,0.15244632189513588,2025Q4,4845.0,82.0,country_ECU
13,0.011099195082135416,0.13465807111811753,2026Q1,4845.0,82.0,country_ECU
-3,0.0067488926890289435,0.056542135610416974,2022Q1,5796.0,39.0,country_MEX
-2,0.016519060831724136,0.04707349152092786,2022Q2,5796.0,39.0,country_MEX
-1,0.013008694181071851,0.05969409274072488,2022Q3,5796.0,39.0,country_MEX
0,0.0,0.0,2022Q4,,,country_MEX
1,0.01463766844388526,0.05259889130311264,2023Q1,5796.0,39.0,country_MEX
2,0.06082238627261794,0.04772489660161044,2023Q2,5796.0,39.0,country_MEX
3,0.03243452729983134,0.04953987522856733,2023Q3,5796.0,39.0,country_MEX
4,0.08216382446656517,0.05277494209130754,2023Q4,5796.0,39.0,country_MEX
5,0.17057627050103266,0.05560658070319836,2024Q1,5796.0,39.0,country_MEX
6,0.17237678882068552,0.07972306748440058,2024Q2,5796.0,39.0,country_MEX
7,0.1183650816975265,0.05873785132535119,2024Q3,5796.0,39.0,country_MEX
8,0.19509380884861496,0.08387052018390358,2024Q4,5796.0,39.0,country_MEX
9,0.22669235300762058,0.08782049640106052,2025Q1,5796.0,39.0,country_MEX
10,0.23896961082395551,0.08639323839449069,2025Q2,5796.0,39.0,country_MEX
11,0.19372926737732896,0.09775998721970679,2025Q3,5796.0,39.0,country_MEX
12,0.23084927975517106,0.11824960555838766,2025Q4,5796.0,39.0,country_MEX
13,0.22773413919672095,0.12503180572383762,2026Q1,5796.0,39.0,country_MEX
14,0.15221872884104745,0.1313619873038277,2026Q2,5796.0,39.0,country_MEX
-3,-0.08898814934891086,0.10810701414358329,2022Q1,4860.0,69.0,country_PER
-2,-0.15736114200889462,0.1176561402763827,2022Q2,4860.0,69.0,country_PER
-1,-0.1270286662769091,0.13330039878893457,2022Q3,4860.0,69.0,country_PER
0,0.0,0.0,2022Q4,,,country_PER
1,0.08083328442427683,0.13586365781766913,2023Q1,4860.0,69.0,country_PER
2,0.1938763534847415,0.12824115077485004,2023Q2,4860.0,69.0,country_PER
3,0.25566081099727456,0.20619699747904333,2023Q3,4860.0,69.0,country_PER
4,0.3369303082388923,0.29507624325104664,2023Q4,4860.0,69.0,country_PER
5,0.15163591536148033,0.22237560309306445,2024Q1,4860.0,69.0,country_PER
6,0.21945916771870977,0.17928777098534301,2024Q2,4860.0,69.0,country_PER
7,0.3518902290566009,0.22377398394167325,2024Q3,4860.0,69.0,country_PER
8,0.2157397817281762,0.19697198712462416,2024Q4,4860.0,69.0,country_PER
9,0.07387807745435812,0.2092720938512886,2025Q1,4860.0,69.0,country_PER
10,0.18193082862907864,0.17235506962909394,2025Q2,4860.0,69.0,country_PER
11,0.462645147445641,0.1548411886082198,2025Q3,4860.0,69.0,country_PER
12,0.5213790579209593,0.15083605424703117,2025Q4,4860.0,69.0,country_PER
13,0.18886557238246035,0.13403772487495827,2026Q1,4860.0,69.0,country_PER
14,0.5231284638083339,0.18848837632552015,2026Q2,4860.0,69.0,country_PER
