source,year,month,period,total,J_info_comm,N_admin_support,total_idx,J_info_comm_idx,N_admin_support_idx,itbpo,itbpo_u25,n_itbpo,itbpo_idx,millions,forecast,idx
PSA OpenSTAT monthly,2021.0,1.0,2021Q1,41247.73,464.22,1764.9,87.97,95.92,80.77,,,,,,,
PSA OpenSTAT monthly,2021.0,2.0,2021Q1,43153.47,508.36,1651.26,92.04,105.04,75.57,,,,,,,
PSA OpenSTAT monthly,2021.0,3.0,2021Q1,45331.55,445.9,1789.72,96.68,92.13,81.9,,,,,,,
PSA OpenSTAT monthly,2021.0,4.0,2021Q2,43268.97,372.83,1728.29,92.28,77.04,79.09,,,,,,,
PSA OpenSTAT monthly,2021.0,5.0,2021Q2,44716.9,444.9,1535.78,95.37,91.93,70.28,,,,,,,
PSA OpenSTAT monthly,2021.0,6.0,2021Q2,45075.63,428.62,1808.79,96.14,88.56,82.77,,,,,,,
PSA OpenSTAT monthly,2021.0,7.0,2021Q3,41670.98,478.33,2043.86,88.88,98.83,93.53,,,,,,,
PSA OpenSTAT monthly,2021.0,8.0,2021Q3,44231.04,497.14,1811.76,94.34,102.72,82.91,,,,,,,
PSA OpenSTAT monthly,2021.0,9.0,2021Q3,43592.93,369.29,1904.05,92.98,76.3,87.13,,,,,,,
PSA OpenSTAT monthly,2021.0,10.0,2021Q4,43821.55,449.88,1949.82,93.46,92.96,89.23,,,,,,,
PSA OpenSTAT monthly,2021.0,11.0,2021Q4,45474.29,480.17,1932.12,96.99,99.21,88.42,,,,,,,
PSA OpenSTAT monthly,2021.0,12.0,2021Q4,46274.47,396.08,2051.98,98.69,81.84,93.9,,,,,,,
PSA OpenSTAT monthly,2022.0,1.0,2022Q1,43264.38,494.85,2183.98,92.27,102.25,99.94,,,,,,,
PSA OpenSTAT monthly,2022.0,2.0,2022Q1,45480.02,532.73,1914.25,97.0,110.08,87.6,,,,,,,
PSA OpenSTAT monthly,2022.0,3.0,2022Q1,46975.03,504.32,2236.38,100.19,104.21,102.34,,,,,,,
PSA OpenSTAT monthly,2022.0,4.0,2022Q2,45630.31,431.97,2079.11,97.32,89.25,95.15,,,,,,,
PSA OpenSTAT monthly,2022.0,5.0,2022Q2,46083.59,441.73,2068.76,98.29,91.27,94.67,,,,,,,
PSA OpenSTAT monthly,2022.0,6.0,2022Q2,46591.56,434.61,2176.02,99.37,89.8,99.58,,,,,,,
PSA OpenSTAT monthly,2022.0,7.0,2022Q3,47391.5,423.04,2208.28,101.08,87.41,101.06,,,,,,,
PSA OpenSTAT monthly,2022.0,8.0,2022Q3,47870.53,484.11,2229.28,102.1,100.03,102.02,,,,,,,
PSA OpenSTAT monthly,2022.0,9.0,2022Q3,47582.79,480.63,1939.03,101.48,99.31,88.73,,,,,,,
PSA OpenSTAT monthly,2022.0,10.0,2022Q4,47063.89,476.7,2315.01,100.38,98.5,105.94,,,,,,,
PSA OpenSTAT monthly,2022.0,11.0,2022Q4,49704.92,628.16,2307.8,106.01,129.79,105.61,,,,,,,
PSA OpenSTAT monthly,2022.0,12.0,2022Q4,49001.11,474.82,2564.43,104.51,98.11,117.35,,,,,,,
PSA OpenSTAT monthly,2023.0,1.0,2023Q1,47351.76,555.78,2355.29,100.99,114.84,107.78,,,,,,,
PSA OpenSTAT monthly,2023.0,2.0,2023Q1,48796.88,477.39,2180.28,104.07,98.64,99.78,,,,,,,
PSA OpenSTAT monthly,2023.0,3.0,2023Q1,48581.27,423.96,2290.76,103.61,87.6,104.83,,,,,,,
PSA OpenSTAT monthly,2023.0,4.0,2023Q2,48058.08,489.68,2424.06,102.5,101.18,110.93,,,,,,,
PSA OpenSTAT monthly,2023.0,5.0,2023Q2,48260.5,392.04,2075.45,102.93,81.0,94.98,,,,,,,
PSA OpenSTAT monthly,2023.0,6.0,2023Q2,48841.4,375.16,2370.32,104.17,77.52,108.47,,,,,,,
PSA OpenSTAT monthly,2023.0,7.0,2023Q3,44555.98,543.2,2497.68,95.03,112.24,114.3,,,,,,,
PSA OpenSTAT monthly,2023.0,8.0,2023Q3,48073.18,350.07,2388.98,102.53,72.33,109.33,,,,,,,
PSA OpenSTAT monthly,2023.0,9.0,2023Q3,47665.92,523.95,2487.33,101.66,108.26,113.83,,,,,,,
PSA OpenSTAT monthly,2023.0,10.0,2023Q4,47788.26,538.26,2552.92,101.92,111.22,116.83,,,,,,,
PSA OpenSTAT monthly,2023.0,11.0,2023Q4,49635.25,463.35,2529.32,105.86,95.74,115.75,,,,,,,
PSA OpenSTAT monthly,2023.0,12.0,2023Q4,50524.69,558.92,2308.05,107.76,115.49,105.62,,,,,,,
PSA OpenSTAT monthly,2024.0,1.0,2024Q1,45902.16,511.84,2550.48,97.9,105.76,116.72,,,,,,,
PSA OpenSTAT monthly,2024.0,2.0,2024Q1,48950.55,369.77,2579.54,104.4,76.4,118.05,,,,,,,
PSA OpenSTAT monthly,2024.0,3.0,2024Q1,49152.98,530.63,2415.26,104.83,109.64,110.53,,,,,,,
PSA OpenSTAT monthly,2024.0,4.0,2024Q2,48354.36,438.4,2611.95,103.13,90.58,119.53,,,,,,,
PSA OpenSTAT monthly,2024.0,5.0,2024Q2,48865.48,443.49,2419.95,104.22,91.64,110.74,,,,,,,
PSA OpenSTAT monthly,2024.0,6.0,2024Q2,50278.08,359.68,2636.9,107.23,74.32,120.67,,,,,,,
PSA OpenSTAT monthly,2024.0,7.0,2024Q3,47683.86,459.96,2604.22,101.7,95.04,119.18,,,,,,,
PSA OpenSTAT monthly,2024.0,8.0,2024Q3,49153.88,430.78,2631.9,104.84,89.01,120.44,,,,,,,
PSA OpenSTAT monthly,2024.0,9.0,2024Q3,49872.28,491.11,3226.64,106.37,101.47,147.66,,,,,,,
PSA OpenSTAT monthly,2024.0,10.0,2024Q4,48156.89,540.11,2817.08,102.71,111.6,128.92,,,,,,,
PSA OpenSTAT monthly,2024.0,11.0,2024Q4,49541.47,462.59,2751.66,105.66,95.58,125.92,,,,,,,
PSA OpenSTAT monthly,2024.0,12.0,2024Q4,50185.47,487.01,2534.08,107.04,100.63,115.97,,,,,,,
PSA OpenSTAT monthly,2025.0,1.0,2025Q1,48486.64,502.34,2691.9,103.41,103.8,123.19,,,,,,,
PSA OpenSTAT monthly,2025.0,2.0,2025Q1,49155.13,416.47,2453.95,104.84,86.05,112.3,,,,,,,
PSA OpenSTAT monthly,2025.0,3.0,2025Q1,48022.3,513.25,2560.7,102.42,106.05,117.18,,,,,,,
PSA OpenSTAT monthly,2025.0,4.0,2025Q2,48671.65,452.3,3008.38,103.81,93.46,137.67,,,,,,,
PSA OpenSTAT monthly,2025.0,5.0,2025Q2,50289.76,502.58,2782.28,107.26,103.84,127.32,,,,,,,
PSA OpenSTAT monthly,2025.0,6.0,2025Q2,50474.72,487.85,2797.62,107.65,100.8,128.03,,,,,,,
PSA OpenSTAT monthly,2025.0,7.0,2025Q3,46051.09,513.03,2900.5,98.22,106.0,132.73,,,,,,,
PSA OpenSTAT monthly,2025.0,8.0,2025Q3,50096.15,485.04,2939.14,106.85,100.22,134.5,,,,,,,
PSA OpenSTAT monthly,2025.0,9.0,2025Q3,49601.88,549.59,2870.92,105.79,113.56,131.38,,,,,,,
PSA OpenSTAT monthly,2025.0,10.0,2025Q4,48619.47,523.78,2879.48,103.7,108.23,131.77,,,,,,,
PSA OpenSTAT monthly,2025.0,11.0,2025Q4,49264.78,544.56,2850.44,105.07,112.52,130.44,,,,,,,
PSA OpenSTAT monthly,2025.0,12.0,2025Q4,49427.02,479.32,2918.68,105.42,99.04,133.57,,,,,,,
PSA OpenSTAT monthly,2026.0,1.0,2026Q1,47937.6,534.45,3094.86,102.24,110.43,141.63,,,,,,,
PSA OpenSTAT monthly,2026.0,2.0,2026Q1,49425.92,469.3,3025.8,105.42,96.97,138.47,,,,,,,
PSA OpenSTAT monthly,2026.0,3.0,2026Q1,49069.0,565.06,3018.43,104.65,116.76,138.13,,,,,,,
PSA OpenSTAT monthly,2026.0,4.0,2026Q2,48889.46,490.93,2958.64,104.27,101.44,135.39,,,,,,,
PSA OpenSTAT monthly,2026.0,5.0,2026Q2,49627.23,545.8,3111.01,105.85,112.78,142.37,,,,,,,
PSA OpenSTAT monthly,2026.0,6.0,2026Q2,50658.26,522.3,3253.95,108.04,107.92,148.91,,,,,,,
PSA OpenSTAT monthly,2026.0,7.0,2026Q3,49214.5,471.72,3101.55,104.96,97.47,141.93,,,,,,,
harmonised LFS quarterly,,,2021Q1,41247.73,464.22,1764.9,89.99,101.66,80.35,1189.62,23.69,1818.0,78.1,,,
harmonised LFS quarterly,,,2021Q2,43268.97,372.83,1728.29,94.4,81.65,78.68,1139.92,20.11,1691.0,74.84,,,
harmonised LFS quarterly,,,2021Q3,41670.98,478.33,2043.86,90.91,104.75,93.05,1412.82,20.63,8296.0,92.75,,,
harmonised LFS quarterly,,,2021Q4,43821.55,449.89,1949.82,95.6,98.52,88.77,1355.28,20.72,2022.0,88.98,,,
harmonised LFS quarterly,,,2022Q1,43264.38,494.85,2183.98,94.39,108.37,99.43,1500.53,21.0,8735.0,98.51,,,
harmonised LFS quarterly,,,2022Q2,45630.31,431.97,2079.11,99.55,94.6,94.65,1415.27,21.64,2077.0,92.91,,,
harmonised LFS quarterly,,,2022Q3,47391.5,423.04,2208.28,103.39,92.64,100.53,1554.81,19.92,2236.0,102.08,,,
harmonised LFS quarterly,,,2022Q4,47063.89,476.69,2315.01,102.68,104.39,105.39,1622.14,20.81,2317.0,106.5,,,
harmonised LFS quarterly,,,2023Q1,47351.76,555.77,2355.29,103.3,121.71,107.22,1675.04,18.8,2331.0,109.97,,,
harmonised LFS quarterly,,,2023Q2,48058.08,489.68,2424.06,104.84,107.24,110.36,1737.25,18.66,2277.0,114.05,,,
harmonised LFS quarterly,,,2023Q3,44555.98,543.2,2497.68,97.2,118.96,113.71,1772.58,17.57,9732.0,116.37,,,
harmonised LFS quarterly,,,2023Q4,47788.26,538.26,2552.92,104.26,117.87,116.22,1897.71,20.31,2541.0,124.59,,,
harmonised LFS quarterly,,,2024Q1,45902.16,511.84,2550.48,100.14,112.09,116.11,1823.2,17.87,9870.0,119.7,,,
harmonised LFS quarterly,,,2024Q2,48354.36,438.4,2611.95,105.49,96.01,118.91,1799.58,16.25,2362.0,118.15,,,
harmonised LFS quarterly,,,2024Q3,47683.86,459.96,2604.22,104.03,100.73,118.56,1804.37,15.02,2410.0,118.46,,,
harmonised LFS quarterly,,,2024Q4,48156.89,540.11,2817.08,105.06,118.28,128.25,2155.34,14.13,2646.0,141.5,,,
harmonised LFS quarterly,,,2025Q1,48486.64,502.35,2691.9,105.78,110.01,122.55,1940.71,15.65,2427.0,127.41,,,
harmonised LFS quarterly,,,2025Q2,48671.65,452.31,3008.38,106.18,99.05,136.96,1900.09,14.07,2338.0,124.74,,,
harmonised LFS quarterly,,,2025Q4,48753.58,525.97,2891.59,106.36,115.18,131.64,2018.63,14.51,2629.0,132.53,,,
IBPAP annual headcount,2021.0,,,,,,,,,,,,,1.44,False,91.72
IBPAP annual headcount,2022.0,,,,,,,,,,,,,1.57,False,100.0
IBPAP annual headcount,2023.0,,,,,,,,,,,,,1.7,False,108.28
IBPAP annual headcount,2024.0,,,,,,,,,,,,,1.82,False,115.92
IBPAP annual headcount,2025.0,,,,,,,,,,,,,1.9,False,121.02
IBPAP annual headcount,2026.0,,,,,,,,,,,,,1.96,True,124.84
IBPAP annual headcount,2027.0,,,,,,,,,,,,,1.99,True,126.75
