period,population,source_url,tolerance,indicator,value
2022Q1,15+,Geostat 30-Labour-Force-Indicators-Q.xlsx,0.05,participation_rate,49.906
2022Q1,15+,Geostat 30-Labour-Force-Indicators-Q.xlsx,0.05,unemployment_rate,19.429
2022Q1,15+,Geostat 30-Labour-Force-Indicators-Q.xlsx,0.05,employment_rate,40.21
2022Q1,15+,Geostat 30-Labour-Force-Indicators-Q.xlsx,14934.860904300662,population,2986972.1808601324
2022Q1,15+,Geostat 30-Labour-Force-Indicators-Q.xlsx,6005.336138633305,employed,1201067.2277266611
2022Q2,15+,Geostat 30-Labour-Force-Indicators-Q.xlsx,0.05,participation_rate,51.537
2022Q2,15+,Geostat 30-Labour-Force-Indicators-Q.xlsx,0.05,unemployment_rate,18.148
2022Q2,15+,Geostat 30-Labour-Force-Indicators-Q.xlsx,0.05,employment_rate,42.184
2022Q2,15+,Geostat 30-Labour-Force-Indicators-Q.xlsx,15052.154762393287,population,3010430.9524786575
2022Q2,15+,Geostat 30-Labour-Force-Indicators-Q.xlsx,6349.659935397639,employed,1269931.9870795277
2022Q3,15+,Geostat 30-Labour-Force-Indicators-Q.xlsx,0.05,participation_rate,53.535
2022Q3,15+,Geostat 30-Labour-Force-Indicators-Q.xlsx,0.05,unemployment_rate,15.58
2022Q3,15+,Geostat 30-Labour-Force-Indicators-Q.xlsx,0.05,employment_rate,45.194
2022Q3,15+,Geostat 30-Labour-Force-Indicators-Q.xlsx,15030.866125215885,population,3006173.225043177
2022Q3,15+,Geostat 30-Labour-Force-Indicators-Q.xlsx,6793.116245937185,employed,1358623.2491874371
2022Q4,15+,Geostat 30-Labour-Force-Indicators-Q.xlsx,0.05,participation_rate,52.665
2022Q4,15+,Geostat 30-Labour-Force-Indicators-Q.xlsx,0.05,unemployment_rate,16.051
2022Q4,15+,Geostat 30-Labour-Force-Indicators-Q.xlsx,0.05,employment_rate,44.212
2022Q4,15+,Geostat 30-Labour-Force-Indicators-Q.xlsx,14760.663380708325,population,2952132.676141665
2022Q4,15+,Geostat 30-Labour-Force-Indicators-Q.xlsx,6526.016576626087,employed,1305203.3153252173
2023Q1,15+,Geostat 30-Labour-Force-Indicators-Q.xlsx,0.05,participation_rate,51.958
2023Q1,15+,Geostat 30-Labour-Force-Indicators-Q.xlsx,0.05,unemployment_rate,18.001
2023Q1,15+,Geostat 30-Labour-Force-Indicators-Q.xlsx,0.05,employment_rate,42.605
2023Q1,15+,Geostat 30-Labour-Force-Indicators-Q.xlsx,14926.629873439602,population,2985325.9746879204
2023Q1,15+,Geostat 30-Labour-Force-Indicators-Q.xlsx,6359.5589633395575,employed,1271911.7926679114
2023Q2,15+,Geostat 30-Labour-Force-Indicators-Q.xlsx,0.05,participation_rate,53.15
2023Q2,15+,Geostat 30-Labour-Force-Indicators-Q.xlsx,0.05,unemployment_rate,16.744
2023Q2,15+,Geostat 30-Labour-Force-Indicators-Q.xlsx,0.05,employment_rate,44.251
2023Q2,15+,Geostat 30-Labour-Force-Indicators-Q.xlsx,14998.018156995995,population,2999603.631399199
2023Q2,15+,Geostat 30-Labour-Force-Indicators-Q.xlsx,6636.796965812408,employed,1327359.3931624817
2023Q3,15+,Geostat 30-Labour-Force-Indicators-Q.xlsx,0.05,participation_rate,53.611
2023Q3,15+,Geostat 30-Labour-Force-Indicators-Q.xlsx,0.05,unemployment_rate,15.581
2023Q3,15+,Geostat 30-Labour-Force-Indicators-Q.xlsx,0.05,employment_rate,45.258
2023Q3,15+,Geostat 30-Labour-Force-Indicators-Q.xlsx,15094.630662084945,population,3018926.1324169887
2023Q3,15+,Geostat 30-Labour-Force-Indicators-Q.xlsx,6831.456303260512,employed,1366291.2606521023
2023Q4,15+,Geostat 30-Labour-Force-Indicators-Q.xlsx,0.05,participation_rate,54.325
2023Q4,15+,Geostat 30-Labour-Force-Indicators-Q.xlsx,0.05,unemployment_rate,15.336
2023Q4,15+,Geostat 30-Labour-Force-Indicators-Q.xlsx,0.05,employment_rate,45.993
2023Q4,15+,Geostat 30-Labour-Force-Indicators-Q.xlsx,14922.477050180365,population,2984495.410036073
2023Q4,15+,Geostat 30-Labour-Force-Indicators-Q.xlsx,6863.358847187036,employed,1372671.7694374071
2024Q1,15+,Geostat 30-Labour-Force-Indicators-Q.xlsx,0.05,participation_rate,55.014
2024Q1,15+,Geostat 30-Labour-Force-Indicators-Q.xlsx,0.05,unemployment_rate,14.021
2024Q1,15+,Geostat 30-Labour-Force-Indicators-Q.xlsx,0.05,employment_rate,47.3
2024Q1,15+,Geostat 30-Labour-Force-Indicators-Q.xlsx,14818.986179648442,population,2963797.2359296884
2024Q1,15+,Geostat 30-Labour-Force-Indicators-Q.xlsx,7009.381535337234,employed,1401876.3070674466
2024Q2,15+,Geostat 30-Labour-Force-Indicators-Q.xlsx,0.05,participation_rate,54.469
2024Q2,15+,Geostat 30-Labour-Force-Indicators-Q.xlsx,0.05,unemployment_rate,13.669
2024Q2,15+,Geostat 30-Labour-Force-Indicators-Q.xlsx,0.05,employment_rate,47.024
2024Q2,15+,Geostat 30-Labour-Force-Indicators-Q.xlsx,14756.581382560486,population,2951316.276512097
2024Q2,15+,Geostat 30-Labour-Force-Indicators-Q.xlsx,6939.107849367887,employed,1387821.5698735774
2024Q3,15+,Geostat 30-Labour-Force-Indicators-Q.xlsx,0.05,participation_rate,54.651
2024Q3,15+,Geostat 30-Labour-Force-Indicators-Q.xlsx,0.05,unemployment_rate,13.82
2024Q3,15+,Geostat 30-Labour-Force-Indicators-Q.xlsx,0.05,employment_rate,47.099
2024Q3,15+,Geostat 30-Labour-Force-Indicators-Q.xlsx,14943.484873872003,population,2988696.9747744007
2024Q3,15+,Geostat 30-Labour-Force-Indicators-Q.xlsx,7038.178707627717,employed,1407635.7415255434
2024Q4,15+,Geostat 30-Labour-Force-Indicators-Q.xlsx,0.05,participation_rate,54.933
2024Q4,15+,Geostat 30-Labour-Force-Indicators-Q.xlsx,0.05,unemployment_rate,14.209
2024Q4,15+,Geostat 30-Labour-Force-Indicators-Q.xlsx,0.05,employment_rate,47.128
2024Q4,15+,Geostat 30-Labour-Force-Indicators-Q.xlsx,14985.880651658874,population,2997176.1303317747
2024Q4,15+,Geostat 30-Labour-Force-Indicators-Q.xlsx,7062.518398890334,employed,1412503.6797780667
2025Q1,15+,Geostat 30-Labour-Force-Indicators-Q.xlsx,0.05,participation_rate,54.795
2025Q1,15+,Geostat 30-Labour-Force-Indicators-Q.xlsx,0.05,unemployment_rate,14.653
2025Q1,15+,Geostat 30-Labour-Force-Indicators-Q.xlsx,0.05,employment_rate,46.766
2025Q1,15+,Geostat 30-Labour-Force-Indicators-Q.xlsx,14906.481983983042,population,2981296.3967966083
2025Q1,15+,Geostat 30-Labour-Force-Indicators-Q.xlsx,6971.1517903973,employed,1394230.35807946
2025Q2,15+,Geostat 30-Labour-Force-Indicators-Q.xlsx,0.05,participation_rate,54.146
2025Q2,15+,Geostat 30-Labour-Force-Indicators-Q.xlsx,0.05,unemployment_rate,14.279
2025Q2,15+,Geostat 30-Labour-Force-Indicators-Q.xlsx,0.05,employment_rate,46.415
2025Q2,15+,Geostat 30-Labour-Force-Indicators-Q.xlsx,14718.237437360893,population,2943647.4874721784
2025Q2,15+,Geostat 30-Labour-Force-Indicators-Q.xlsx,6831.4410225095935,employed,1366288.2045019187
2025Q3,15+,Geostat 30-Labour-Force-Indicators-Q.xlsx,0.05,participation_rate,54.542
2025Q3,15+,Geostat 30-Labour-Force-Indicators-Q.xlsx,0.05,unemployment_rate,13.274
2025Q3,15+,Geostat 30-Labour-Force-Indicators-Q.xlsx,0.05,employment_rate,47.302
2025Q3,15+,Geostat 30-Labour-Force-Indicators-Q.xlsx,14755.676940411937,population,2951135.3880823874
2025Q3,15+,Geostat 30-Labour-Force-Indicators-Q.xlsx,6979.783730994494,employed,1395956.7461988989
2025Q4,15+,Geostat 30-Labour-Force-Indicators-Q.xlsx,0.05,participation_rate,54.351
2025Q4,15+,Geostat 30-Labour-Force-Indicators-Q.xlsx,0.05,unemployment_rate,13.315
2025Q4,15+,Geostat 30-Labour-Force-Indicators-Q.xlsx,0.05,employment_rate,47.114
2025Q4,15+,Geostat 30-Labour-Force-Indicators-Q.xlsx,14880.280989240782,population,2976056.1978481566
2025Q4,15+,Geostat 30-Labour-Force-Indicators-Q.xlsx,7010.673425866091,employed,1402134.6851732181
2026Q1,15+,Geostat 30-Labour-Force-Indicators-Q.xlsx,0.05,participation_rate,53.411
2026Q1,15+,Geostat 30-Labour-Force-Indicators-Q.xlsx,0.05,unemployment_rate,14.381
2026Q1,15+,Geostat 30-Labour-Force-Indicators-Q.xlsx,0.05,employment_rate,45.73
2026Q1,15+,Geostat 30-Labour-Force-Indicators-Q.xlsx,14970.895278684013,population,2994179.0557368025
2026Q1,15+,Geostat 30-Labour-Force-Indicators-Q.xlsx,6846.193245360744,employed,1369238.6490721488
2026Q2,15+,Geostat 30-Labour-Force-Indicators-Q.xlsx,0.05,participation_rate,53.348
2026Q2,15+,Geostat 30-Labour-Force-Indicators-Q.xlsx,0.05,unemployment_rate,13.828
2026Q2,15+,Geostat 30-Labour-Force-Indicators-Q.xlsx,0.05,employment_rate,45.971
2026Q2,15+,Geostat 30-Labour-Force-Indicators-Q.xlsx,14848.464625414066,population,2969692.925082813
2026Q2,15+,Geostat 30-Labour-Force-Indicators-Q.xlsx,6826.006443491385,employed,1365201.288698277
