path,url,sha256,bytes,retrieved_utc,http_last_modified
bra/pnadc/2025Q1/PNADC_012025.zip,https://ftp.ibge.gov.br/Trabalho_e_Rendimento/Pesquisa_Nacional_por_Amostra_de_Domicilios_continua/Trimestral/Microdados/2025/PNADC_012025.zip,32ffb36348fcd086c24e12cdede20ed7621850009f282dd4c1c4c7326d96f6a4,212018727,2026-09-05T03:17:13+00:00,
bra/pnadc/docs/Dicionario_e_input_20221031.zip,https://ftp.ibge.gov.br/Trabalho_e_Rendimento/Pesquisa_Nacional_por_Amostra_de_Domicilios_continua/Trimestral/Microdados/Documentacao/Dicionario_e_input_20221031.zip,691ce2acd94e805741c71ea699888ad628a5fb5cbf1037fdf9626eba6b99cadc,70208,2026-09-05T03:18:49+00:00,"Mon, 31 Oct 2022 19:34:59 GMT"
bra/pnadc/docs/Variaveis_PNADC_Trimestral.xls,https://ftp.ibge.gov.br/Trabalho_e_Rendimento/Pesquisa_Nacional_por_Amostra_de_Domicilios_continua/Trimestral/Microdados/Documentacao/Variaveis_PNADC_Trimestral.xls,d279629385e3326c8def4e9d4452c3c3402e9be6692a1d7017e5f3553b1fd928,390144,2026-09-05T03:18:50+00:00,"Fri, 14 Aug 2026 12:00:14 GMT"
bra/pnadc/docs/Estrutura_Ocupacao_COD.xls,https://ftp.ibge.gov.br/Trabalho_e_Rendimento/Pesquisa_Nacional_por_Amostra_de_Domicilios_continua/Trimestral/Microdados/Documentacao/Estrutura_Ocupacao_COD.xls,296cd9673baefb732e69f697f83dbfe7de34e6e68c0fd38700c9a14dea739c5a,99328,2026-09-05T03:18:50+00:00,"Mon, 02 Mar 2020 11:46:17 GMT"
bra/pnadc/docs/Estrutura_Atividade_CNAE_Domiciliar_2_0.xls,https://ftp.ibge.gov.br/Trabalho_e_Rendimento/Pesquisa_Nacional_por_Amostra_de_Domicilios_continua/Trimestral/Microdados/Documentacao/Estrutura_Atividade_CNAE_Domiciliar_2_0.xls,5869992963fa172b04c0194874d7702b45414070b5ad156597647995f6246c90,69632,2026-09-05T03:18:50+00:00,"Mon, 02 Mar 2020 11:46:17 GMT"
bra/pnadc/docs/Deflatores.zip,https://ftp.ibge.gov.br/Trabalho_e_Rendimento/Pesquisa_Nacional_por_Amostra_de_Domicilios_continua/Trimestral/Microdados/Documentacao/Deflatores.zip,2052f6137db8042fef41307e4e4c9afe20c50bfaca8c8578c41b589680205d61,256656,2026-09-05T03:18:50+00:00,"Fri, 14 Aug 2026 12:00:13 GMT"
bra/pnadc/2025Q2/PNADC_022025.zip,https://ftp.ibge.gov.br/Trabalho_e_Rendimento/Pesquisa_Nacional_por_Amostra_de_Domicilios_continua/Trimestral/Microdados/2025/PNADC_022025.zip,f6edbe24a17ad7b126a5dbb4377b673b016ab8dfbd7f40135ec0f962daaa0fba,214254416,2026-09-05T03:19:30+00:00,"Mon, 25 Aug 2025 12:00:07 GMT"
bra/pnadc/2025Q3/PNADC_032025.zip,https://ftp.ibge.gov.br/Trabalho_e_Rendimento/Pesquisa_Nacional_por_Amostra_de_Domicilios_continua/Trimestral/Microdados/2025/PNADC_032025.zip,143f2789d2648668817497d560e23cfabeee13e3357e1f6811227df3bee1bbda,218675000,2026-09-05T03:20:00+00:00,"Mon, 17 Nov 2025 12:00:14 GMT"
bra/pnadc/2025Q4/PNADC_042025.zip,https://ftp.ibge.gov.br/Trabalho_e_Rendimento/Pesquisa_Nacional_por_Amostra_de_Domicilios_continua/Trimestral/Microdados/2025/PNADC_042025.zip,bc1fa6d44948b0601b6b8f3cf6692e79d743d2b01e1e8b600b34030976b361d9,222550359,2026-09-05T03:20:29+00:00,"Thu, 26 Feb 2026 12:00:14 GMT"
bra/pnadc/2026Q1/PNADC_012026.zip,https://ftp.ibge.gov.br/Trabalho_e_Rendimento/Pesquisa_Nacional_por_Amostra_de_Domicilios_continua/Trimestral/Microdados/2026/PNADC_012026.zip,dc4b65f95b876a0bd83b815c47cf367725ae60d208fc7b030573e820fb7a0179,228614646,2026-09-05T03:20:59+00:00,"Fri, 24 Apr 2026 11:33:57 GMT"
bra/pnadc/2026Q2/PNADC_022026.zip,https://ftp.ibge.gov.br/Trabalho_e_Rendimento/Pesquisa_Nacional_por_Amostra_de_Domicilios_continua/Trimestral/Microdados/2026/PNADC_022026.zip,53f813034dc6d18268e8962716a05a1b374e3f23fc2f596fafc7146cf3bb0b0a,233417777,2026-09-05T03:21:25+00:00,"Fri, 14 Aug 2026 12:00:10 GMT"
bra/pnadc/2022Q1/PNADC_012022_20250815.zip,https://ftp.ibge.gov.br/Trabalho_e_Rendimento/Pesquisa_Nacional_por_Amostra_de_Domicilios_continua/Trimestral/Microdados/2022/PNADC_012022_20250815.zip,a53b1fdcf2e57a348a0f24f1edb620692b76e8fb19a7ce3a1565b9be0884306b,202759708,2026-09-05T03:24:23+00:00,"Fri, 15 Aug 2025 13:23:13 GMT"
bra/pnadc/2022Q2/PNADC_022022_20250815.zip,https://ftp.ibge.gov.br/Trabalho_e_Rendimento/Pesquisa_Nacional_por_Amostra_de_Domicilios_continua/Trimestral/Microdados/2022/PNADC_022022_20250815.zip,2d536418c947f1b048abd2336f9ed82891a48454c3ed093bdff7f5b0d0936aa8,206644036,2026-09-05T03:24:50+00:00,"Fri, 15 Aug 2025 13:23:14 GMT"
bra/pnadc/2022Q3/PNADC_032022_20250815.zip,https://ftp.ibge.gov.br/Trabalho_e_Rendimento/Pesquisa_Nacional_por_Amostra_de_Domicilios_continua/Trimestral/Microdados/2022/PNADC_032022_20250815.zip,3227556c260e0740fcfbf197181d559068d344ea7032e2ad2f0c8902a791f21b,209932807,2026-09-05T03:25:12+00:00,"Fri, 15 Aug 2025 13:23:23 GMT"
bra/pnadc/2022Q4/PNADC_042022_20250815.zip,https://ftp.ibge.gov.br/Trabalho_e_Rendimento/Pesquisa_Nacional_por_Amostra_de_Domicilios_continua/Trimestral/Microdados/2022/PNADC_042022_20250815.zip,3dec8fbcbf47973eaf05c7bca6f0a12ab7a8991193a27204fb591613f9ac9d9a,206584552,2026-09-05T03:25:41+00:00,"Fri, 15 Aug 2025 13:23:23 GMT"
bra/pnadc/2023Q1/PNADC_012023_20250815.zip,https://ftp.ibge.gov.br/Trabalho_e_Rendimento/Pesquisa_Nacional_por_Amostra_de_Domicilios_continua/Trimestral/Microdados/2023/PNADC_012023_20250815.zip,1bb15a69f7773eada0153723ba9431650f527ba770a5112a480557f7393f90ea,205690860,2026-09-05T03:26:11+00:00,"Fri, 15 Aug 2025 13:23:33 GMT"
bra/pnadc/2023Q2/PNADC_022023_20250815.zip,https://ftp.ibge.gov.br/Trabalho_e_Rendimento/Pesquisa_Nacional_por_Amostra_de_Domicilios_continua/Trimestral/Microdados/2023/PNADC_022023_20250815.zip,5b2b49072e4bbecccdce847da1241e96869ea815c405aa227d0618890d05c925,207504473,2026-09-05T03:26:39+00:00,"Fri, 15 Aug 2025 13:23:33 GMT"
bra/pnadc/2023Q3/PNADC_032023_20250815.zip,https://ftp.ibge.gov.br/Trabalho_e_Rendimento/Pesquisa_Nacional_por_Amostra_de_Domicilios_continua/Trimestral/Microdados/2023/PNADC_032023_20250815.zip,90373cef0266d1b283fa64bf3d6f8578ab42f7560dd2b9aefa20f0524ed87945,211348306,2026-09-05T03:27:11+00:00,"Fri, 15 Aug 2025 13:23:41 GMT"
bra/pnadc/2023Q4/PNADC_042023_20250815.zip,https://ftp.ibge.gov.br/Trabalho_e_Rendimento/Pesquisa_Nacional_por_Amostra_de_Domicilios_continua/Trimestral/Microdados/2023/PNADC_042023_20250815.zip,635f03508b616e57a3e96fba920442487937b142e09ab9a34ae369d519aecad0,209121878,2026-09-05T03:27:43+00:00,"Fri, 15 Aug 2025 13:23:41 GMT"
bra/pnadc/2024Q1/PNADC_012024_20250815.zip,https://ftp.ibge.gov.br/Trabalho_e_Rendimento/Pesquisa_Nacional_por_Amostra_de_Domicilios_continua/Trimestral/Microdados/2024/PNADC_012024_20250815.zip,821a917bf1f7817e2593ef9e25f0592016e1103d57c5bffe692661b37993023c,213575926,2026-09-05T03:28:13+00:00,"Fri, 15 Aug 2025 13:23:49 GMT"
bra/pnadc/2024Q2/PNADC_022024_20260324.zip,https://ftp.ibge.gov.br/Trabalho_e_Rendimento/Pesquisa_Nacional_por_Amostra_de_Domicilios_continua/Trimestral/Microdados/2024/PNADC_022024_20260324.zip,325d20a2f575a5104612dc4c977c71572e83ec192667c0f950fcf11c7ab1a6b1,213564325,2026-09-05T03:28:50+00:00,"Mon, 23 Mar 2026 12:24:29 GMT"
bra/pnadc/2024Q3/PNADC_032024_20250815.zip,https://ftp.ibge.gov.br/Trabalho_e_Rendimento/Pesquisa_Nacional_por_Amostra_de_Domicilios_continua/Trimestral/Microdados/2024/PNADC_032024_20250815.zip,957199df9c8d1082d926499f07d6035920ed8b63006f1a12d610915263980ea6,214075117,2026-09-05T03:29:22+00:00,"Fri, 15 Aug 2025 13:23:58 GMT"
bra/pnadc/2024Q4/PNADC_042024_20250815.zip,https://ftp.ibge.gov.br/Trabalho_e_Rendimento/Pesquisa_Nacional_por_Amostra_de_Domicilios_continua/Trimestral/Microdados/2024/PNADC_042024_20250815.zip,1e04e77bd7c96d212a24000e32b1f41d713ad476bc84109b72c750246f390a2a,209873314,2026-09-05T03:29:53+00:00,"Fri, 15 Aug 2025 13:23:58 GMT"
